Word,POS Tag,Frequency
informasi,NOUN,21
dan,CONJ,712
rekomendasi,NOUN,7
lengkap,ADJ,17
mudah,ADJ,92
dipahami,VERB,32
baik,ADJ,341
untuk,ADP,187
kesehatan,NOUN,44
terimakasih,ADV,129
dok,NOUN,126
sehat,ADJ,27
ya,X,78
atas,ADP,31
saran,NOUN,28
sarannya,NOUN,10
sangat,ADV,901
memuaskan,VERB,51
respon,NOUN,295
cepat,ADJ,271
pelayanan,NOUN,71
sekali,ADV,175
apa,NOUN,83
obat,NOUN,185
pereda,NOUN,2
sakit,ADJ,69
karna,ADV,29
keseleo,NUM,1
menurut,VERB,3
aku,PRON,31
the,DET,9
best,NOUN,8
banget,NOUN,109
dech,NOUN,1
ini,DET,214
aplikasi,NOUN,268
suka,VERB,22
banyak,ADV,57
artikel2,NOUN,2
yg,ADV,230
bisa,ADV,249
kita,PRON,76
baca,VERB,2
n,NOUN,13
ilmu,NOUN,2
pengetahuannya,NOUN,1
trus,NOUN,18
d,NOUN,38
samping,NOUN,1
itu,DET,57
langsung,ADV,79
berhubungan,VERB,2
dengan,ADP,149
dokter2,NOUN,2
ada,VERB,205
sekitar,ADP,5
jawaban,PROPN,65
jelas,ADJ,135
membantu,VERB,538
mantab,PROPN,4
bagus,ADJ,240
puas,ADJ,105
siip,PROPN,1
apk,PROPN,58
berguna,VERB,16
wah,PROPN,1
memudahkan,VERB,10
konsultasi,NOUN,139
dokter,NOUN,642
spesialis,VERB,31
tanpa,ADP,22
ke,ADP,144
rumah,NOUN,24
jangan,CONJ,28
percaya,VERB,4
sama,ADJ,81
karena,CONJ,49
tidak,X,260
di,ADP,449
buka,NOUN,14
begini,VERB,7
mata,NOUN,13
saya,PRON,424
kelopak,NOUN,2
nya,NOUN,348
masuk,VERB,36
dalam,ADP,46
kelihatan,VERB,2
bola,NOUN,2
jadi,VERB,46
besar,ADJ,2
bawah,NOUN,8
berkntung,NOUN,1
berkedip,NOUN,1
juga,ADV,121
rasa,NOUN,11
seret,NOUN,1
ga,X,109
enak,ADJ,11
kira,ADV,14
sembuh,VERB,20
tida,NOUN,1
ramah,ADJ,256
pokonya,NUM,3
responnya,NOUN,33
penjelasan,NOUN,109
jg,ADV,15
mengerti,VERB,15
lagi,ADV,110
nunggu,VERB,45
cantik,ADJ,3
mantap,PROPN,62
men,PROPN,1
konsultasinonline,NOUN,1
puass,PROPN,3
terbaik,ADJ,26
lebih,ADV,98
ahli,NOUN,1
meskipun,ADV,3
tanggapan,NOUN,8
hasil,NOUN,11
dr,NOUN,63
keluhan,NOUN,23
bermanfaat,ADJ,64
tdk,NOUN,34
sampai,ADP,54
2,NUM,33
menit,NOUN,45
resep,NOUN,58
lgsg,NOUN,3
diberikan,VERB,17
bgus,PROPN,7
puassss,PROPN,2
menjawab,VERB,23
setiap,DET,33
pertanyaan,NOUN,49
dgn,ADP,36
oke,PROPN,28
pelayanannya,NOUN,17
menangani,VERB,4
semua,DET,58
hal,NOUN,4
terutama,ADV,4
dokternya,NOUN,254
good,PROPN,67
sangar,PROPN,3
overclaim,NOUN,1
dikirimkirim,VERB,1
padahal,ADV,71
bilang,VERB,5
max,NOUN,1
1,NUM,53
jam,NOUN,67
chat,NOUN,193
cs,NOUN,17
gaada,VERB,9
ngebantu,PROPN,2
orang,NOUN,39
sudah,ADV,155
mau,ADV,121
mati,ADJ,3
tapi,CONJ,137
diantar,VERB,1
akhirnya,ADV,11
terpaksa,ADV,1
beli,VERB,32
apotik,NOUN,12
dasar,ADJ,4
penipuan,NOUN,4
puasdokter,NOUN,1
cpt,NOUN,11
info,NOUN,9
bayar,NOUN,201
gak,PROPN,119
merespongak,NUM,1
solusiterus,NOUN,1
bagaimana,ADV,12
kecewa,VERB,36
sisoalnya,PROPN,1
sedang,ADV,13
online,ADJ,28
alhamdulillah,PROPN,22
penjelasannya,NOUN,62
cukup,ADV,43
buat,ADP,77
walaupun,CONJ,10
sya,NOUN,22
tanya,NOUN,29
seharus,PROPN,2
ny,NOUN,11
tht,NOUN,3
tpi,PROPN,16
bu,NOUN,12
arahan,NOUN,7
job,NOUN,5
selalu,ADV,50
halo,PROPN,12
nanya,VERB,14
apakah,ADV,16
kalau,CONJ,39
telat,NOUN,2
haid,NOUN,1
kisaran,NOUN,1
3,NUM,38
mingguan,NOUN,1
belum,ADV,61
tespek,NOUN,1
boleh,ADV,5
intim,NOUN,1
takut,ADJ,3
ngaruh,NOUN,1
gmana,NOUN,1
gtu,PROPN,3
mohon,NOUN,21
rama,NOUN,2
assalamualikum,PROPN,1
kenapa,ADV,38
donlod,VERB,1
alodokter,NOUN,138
katanya,NOUN,17
menerima,VERB,2
akses,NOUN,2
responsif,PROPN,17
trs,PROPN,10
sukses,ADJ,15
ibu,NOUN,10
kurang,ADV,30
tempat,NOUN,8
berobat,NOUN,21
secara,ADP,25
dipercaya,VERB,1
sebagaimana,CONJ,1
bngt,NOUN,6
saranya,PROPN,1
cocok,VERB,20
hamil,NOUN,4
trima,NOUN,6
kasih,NOUN,137
dimengerti,VERB,21
lama,ADJ,109
kebanyakan,NOUN,4
template,NOUN,6
real,VERB,3
seperti,ADP,25
pasien,NOUN,30
sdh,NOUN,24
dijawab,VERB,18
ketika,CONJ,24
membalas,VERB,7
not,PROPN,2
recomended,NUM,4
untungnya,ADV,2
pake,VERB,41
admedika,NOUN,1
kalo,NOUN,28
pembayaran,NOUN,17
pribadi,ADJ,10
pasti,ADV,8
merugikan,VERB,6
yang,PRON,203
menjelaskan,VERB,20
detail,NOUN,62
blm,NOUN,21
tau,VERB,25
se,NOUN,4
worth,PROPN,5
it,NOUN,6
soalnya,NOUN,6
baru,ADJ,46
nyoba,NOUN,5
dann,PROPN,1
daftar,NOUN,15
aja,NOUN,95
susahh,NOUN,1
bangettt,NOUN,5
no,PROPN,10
otp,NUM,16
kaga,PROPN,12
kekirim,PROPN,1
udh,PROPN,58
ampe,PROPN,3
5x,PROPN,1
bijaksana,ADJ,1
curhatnya,NUM,1
responsip,NUM,2
30,NUM,12
jawab,NOUN,31
risna,PROPN,1
safitri,PROPN,1
dikala,NOUN,3
membutuhkan,VERB,7
teliti,PROPN,10
trimakasih,NUM,13
rahmat,PROPN,1
risky,NOUN,1
terima,VERB,92
pak,NOUN,5
y,VERB,9
baikpenjelasan,NOUN,1
rinci,ADJ,10
sabar,NOUN,40
utk,NOUN,18
balas,NOUN,28
chatpertnyaan,NOUN,1
seksama,NOUN,2
maksimaltrmksh,NOUN,1
sllu,NUM,4
aaah,PROPN,1
serba,PROPN,5
perbayar,NOUN,2
detailrespon,VERB,1
cepatmakasih,PROPN,1
dokk,PROPN,1
tanggap,NOUN,18
maksih,PROPN,3
njelaskan,NOUN,1
nyatrimakasih,PROPN,1
terus,ADV,41
sangatbramah,NOUN,1
jadwal,NOUN,5
beda,ADJ,2
mana,NOUN,24
refundnya,NOUN,1
penangananya,NUM,1
keren,PROPN,25
sih,NOUN,32
konsul,VERB,67
sngat,NOUN,7
mebantu,ADJ,1
verifikasi,NOUN,11
hp,NOUN,11
dah,PROPN,14
isi,VERB,4
malah,NOUN,92
nyangkut,NUM,1
trmksih,PROPN,1
dokterdokternya,PROPN,1
ramahdan,PROPN,1
menunggu,VERB,23
keluh,NOUN,6
kesah,NOUN,7
semoga,CONJ,68
anak,NOUN,29
bersih,ADJ,2
lg,NOUN,24
kulit,NOUN,12
puassngt,PROPN,1
mmbantu,NUM,2
trm,PROPN,3
ksh,NUM,5
luar,ADJ,19
biasa,ADJ,17
sebagai,ADP,6
pasian,NOUN,1
tegas,ADJ,3
ringkas,NOUN,1
diluar,ADP,3
dari,ADP,108
tampilan,NOUN,1
fiturnya,NOUN,3
ingin,ADV,27
memberi,VERB,9
ulasan,NOUN,6
pada,ADP,14
umum,ADJ,21
waktu,NOUN,40
kemudian,ADV,6
setelah,ADP,35
bertanya,VERB,21
tahu,VERB,4
10,NUM,6
pembicaraan,NOUN,2
ditutup,VERB,16
bangetdan,NOUN,1
nngu,NOUN,1
jawab2,NOUN,2
akhir,NOUN,3
tinggal,VERB,7
ngerjain,NOUN,1
sesuatu,NOUN,1
dlu,PROPN,8
bgtu,NOUN,3
lihat,VERB,6
bales,NOUN,11
kasi,VERB,8
cm,NOUN,2
sbntr,NOUN,1
konfirmasi,NOUN,10
okein,NOUN,1
ttup,PROPN,2
sesi,NOUN,15
otomatis,NOUN,27
sia2,NOUN,5
dpet,NOUN,1
apa2,NOUN,8
dalm,VERB,1
namun,CONJ,15
utuk,VERB,1
pemesanan,NOUN,5
via,ADP,9
lambat,ADJ,14
merasa,VERB,9
mnunggu,PROPN,2
yng,NOUN,1
pesan,NOUN,27
gk,NOUN,50
sampaisya,NUM,1
berharap,VERB,4
kejadian,NOUN,2
sprti,NOUN,5
terulang,VERB,1
kembali,VERB,10
joob,NUM,1
tentang,ADP,13
kedokteran,NOUN,2
gabisa,NOUN,15
dibuka,VERB,9
45,NUM,5
beres,VERB,2
15,NUM,3
balasnya,NUM,6
poll,NOUN,1
dulu,ADV,41
tolong,NOUN,54
perbaiki,NOUN,10
sistemnya,NOUN,2
ko,NOUN,9
jawabannya,NOUN,17
disuruh,VERB,22
paket,NOUN,5
udah,NOUN,90
12,NUM,4
hari,NOUN,55
masih,ADV,31
tunggu,NOUN,21
9,NUM,2
tp,NOUN,48
nyatanya,NOUN,2
minta,NOUN,17
refund,NOUN,25
alasannya,NOUN,1
pdhl,PROPN,13
org,PROPN,11
skt,PROPN,1
kok,X,18
masukan,NOUN,6
nomor,NOUN,5
dapet,NOUN,7
kode,NOUN,15
kodenya,NOUN,2
gada,PROPN,7
apapa,PROPN,2
cuman,NOUN,12
verivikasi,NOUN,3
doang,PROPN,21
underrated,PROPN,1
mahal,ADJ,27
¬≤,NOUN,39
harus,ADV,81
lolos,VERB,1
verification,NOUN,1
google,PROPN,7
play,NOUN,1
scam,NOUN,4
dana,NOUN,23
jdi,NOUN,5
sy,NOUN,45
hanya,ADV,32
punya,VERB,21
menjadi,VERB,4
lebh,NOUN,1
tenang,ADJ,4
setlh,NOUN,1
apaanbarusan,PROPN,1
8,NUM,4
lah,NOUN,21
setjam,NOUN,1
dijawab2,NOUN,2
komplen,VERB,3
customer,NOUN,8
service,PROPN,7
download,VERB,28
jelek,ADJ,15
baguss,PROPN,5
tes,NOUN,2
cpns,PROPN,1
solusi,NOUN,36
lewat,ADP,19
berhubung,VERB,1
apoteknya,NOUN,4
aliran,NOUN,1
manual,NOUN,2
apotek,NOUN,30
k24,PROPN,5
ternyata,CONJ,33
harga,NOUN,9
berbeda,VERB,7
jauh,ADJ,17
separuh,NOUN,1
gue,NOUN,12
rugiiiiiii,VERB,1
51,NUM,1
ribuan,NOUN,2
27,NUM,1
lamban,NOUN,1
kompeten,ADJ,2
fast,NOUN,53
response,NOUN,1
tania,PROPN,2
maulani,PROPN,2
spm,PROPN,2
dia,PRON,18
bagian,NOUN,6
kan,VERB,23
member,NOUN,1
uang,NOUN,47
potong,NOUN,5
perbulan,NOUN,2
dikecewakan,VERB,1
mengecewakan,VERB,16
dg,ADP,20
spkk,NOUN,1
berbayar,NOUN,38
efektif,ADJ,2
refresh,NOUN,1
alhasil,NOUN,2
dokterna,PROPN,1
serta,CONJ,8
menyenangkan,VERB,4
clear,NOUN,1
bagussss,PROPN,1
pasca,ADP,2
kecelakaan,NOUN,1
pandangan,NOUN,2
ganda,ADJ,1
brengsek,NOUN,2
pesen,NOUN,9
dibatalkan,VERB,7
melulu,NOUN,1
kemanggisan,NUM,1
batalin,VERB,6
makin,ADV,9
lemot,NUM,9
ramahpenjelasannya,PROPN,2
menbantu,VERB,3
awesome,PROPN,1
pendaftaran,NOUN,3
pernah,ADV,18
pakai,VERB,29
membantusmoga,VERB,1
obtnya,PROPN,1
services,PROPN,1
prosesnya,NOUN,2
wa,PROPN,7
protes,VERB,1
barang,NOUN,6
dikirim,VERB,17
salah,DET,11
kuantitas,NOUN,1
tercantum,VERB,1
sesuai,ADJ,16
jumlah,NOUN,2
dapat,ADV,32
saat,NOUN,56
harusnya,NOUN,9
24,NUM,16
ribu,NOUN,4
pcs,PROPN,1
satu,NUM,15
ngajuin,VERB,1
pembatalan,NOUN,6
terkait,VERB,5
janji,NOUN,7
cek,NOUN,7
susah,ADJ,11
catatan,NOUN,1
notes,NOUN,1
trimaksih,NOUN,5
dua,NUM,9
patah,VERB,1
kata,NOUN,11
mending,NOUN,26
cari,NOUN,17
rujukan,NOUN,2
bpjs,NOUN,5
tatap,NOUN,4
muka,NOUN,3
daripada,ADP,6
45000,NOUN,3
pelit,NOUN,1
kaya,ADJ,14
dijelasin,NOUN,3
gimanya,PROPN,1
keadaan,NOUN,11
dibaca,VERB,1
tok,NOUN,1
notifnya,NUM,1
menganalisis,VERB,1
masalahmu,NOUN,1
tapu,PROPN,1
luamaaaa,PROPN,1
setengah,DET,7
tiba2,VERB,12
endchat,NOUN,1
percuma,NOUN,9
kapan,CONJ,5
indonesia,NOUN,8
maju,VERB,3
sedangkan,CONJ,7
biru,ADJ,3
gratis,ADJ,51
cuma,ADV,37
masalah,NOUN,23
seputar,ADP,4
penyakit,NOUN,37
gara,NOUN,5
diagnosa,NOUN,4
dpt,VERB,7
sebelah,ADP,17
pihak,NOUN,14
proses,NOUN,8
14,NUM,4
kerja,NOUN,13
kelamaan,NOUN,1
siiip,PROPN,1
ramahbaiksopan,PROPN,1
usah,NOUN,3
instal,VERB,6
bersangkutan,VERB,1
saja,ADV,32
sini,NOUN,16
buang2,NUM,3
ujung2,PROPN,2
datang,VERB,13
teori,NOUN,1
bejibun,VERB,1
menyesal,NOUN,3
keluar,VERB,25
baikinformatif,ADJ,1
memberkatiiii,ADJ,1
jawabnya,NOUN,6
chatnya,NOUN,10
tertutup,VERB,6
mksh,NOUN,3
login,VERB,18
mentok,NOUN,1
sampe,NOUN,35
masukin,NOUN,7
email,NOUN,9
an,NOUN,8
obatnya,NOUN,42
layanan,PROPN,15
ku,PROPN,10
rupanya,NOUN,2
prabayar,NOUN,2
menjengkelkan,VERB,1
cht,VERB,3
suru,PROPN,2
ulang,NOUN,10
rate,PROPN,1
menjelekan,VERB,1
sendiri,ADJ,13
lgi,NOUN,7
urgent,PROPN,18
bgt,PROPN,45
lol,PROPN,1
makasih,NOUN,22
semuanya,NOUN,8
endang,PROPN,1
sukindar,PROPN,1
akn,VERB,1
mencobanya,VERB,1
memusakan,ADJ,1
gw,PROPN,17
nyeritain,VERB,1
lalu,CONJ,12
akan,ADV,17
jelaskan,VERB,4
kurleb,NOUN,1
tiba,NOUN,16
diputusin,NUM,1
percakapannya,NOUN,3
amanah,NOUN,3
iklas,NOUN,1
anjer,NUM,1
muncul,VERB,9
keteranganpenjelasan,NOUN,1
diarahkan,VERB,3
check,NOUN,1
out,NOUN,3
begitu,ADV,7
hapus,VERB,13
playstore,NOUN,2
manfaatnya,NOUN,1
selow,NUM,1
hoalah,NUM,1
dktrnya,PROPN,1
baikdan,NUM,3
x,PROPN,2
trnyta,NUM,2
ma,PROPN,3
dktr,NUM,4
smashat2,VERB,1
penjelasanya,NUM,4
memberikan,VERB,25
bagusss,NOUN,4
aplikasinya,NOUN,37
andro,PROPN,1
tulisan,NOUN,4
latar,NOUN,1
coba,PROPN,19
uninstall,NOUN,9
install,NOUN,5
tetep,NOUN,4
beri,VERB,5
bintang,NOUN,34
dibenahi,VERB,1
j,PROPN,3
04,NUM,2
48,NUM,1
kokoh,NOUN,2
nugroho,PROPN,1
setiawan,PROPN,1
teus,PROPN,1
gl,PROPN,1
25,NUM,1
agst,NOUN,2
hr,PROPN,4
minggu,NOUN,7
t,PROPN,4
kiem,PROPN,1
08,NUM,1
09,NUM,1
sm,PROPN,9
cik,PROPN,1
ayang,PROPN,1
gereja,NOUN,1
roxy,PROPN,1
jalan2,VERB,1
mall,NOUN,1
central,NOUN,1
park,NOUN,1
cp,PROPN,1
tgl,PROPN,13
26,NUM,2
ak,NOUN,1
01,NUM,2
pagi,NOUN,7
mangan,NOUN,1
bakwan,NOUN,2
dibalas,VERB,11
biaya,NOUN,30
sopan,VERB,3
slow,NOUN,9
mungkin,ADV,11
informatif,PROPN,13
suatu,DET,3
bagi,ADP,22
secepatnya,NOUN,1
organ,NOUN,2
tubuh,NOUN,8
perlu,ADV,12
mengunjungi,VERB,2
agar,CONJ,8
pengobatan,NOUN,2
lmayan,VERB,1
bnyak,NOUN,3
pahami,NOUN,13
cepet,NUM,18
ramah2,NOUN,6
terlalu,ADV,10
pengiriman,NOUN,27
5,NUM,18
kabupaten,NOUN,2
bgtt,NUM,2
lamaaaa,PROPN,2
sgt,PROPN,14
teredukasi,PROPN,1
skl,PROPN,2
sekaligus,ADP,2
bs,VERB,9
mengerahui,NUM,1
berbagai,DET,2
melalui,ADP,6
pertanyaan2,NOUN,1
tmn2,NUM,1
tuhan,PROPN,4
berkati,PROPN,1
kirain,PROPN,6
perbayaran,PROPN,1
marsya,PROPN,1
andriani,PROPN,1
varinza,PROPN,1
skali,NOUN,5
cpat,NUM,2
parah,PROPN,25
bukannya,ADJ,3
panjang,ADJ,4
lebar,ADJ,3
tungguin,PROPN,2
tutup,NOUN,28
taunya,NUM,1
resepnya,NOUN,3
dikasih,VERB,16
jadinya,NOUN,7
2x,NOUN,7
masa,NOUN,13
butuh,VERB,30
sekarang,ADV,34
23,NUM,3
cancel,NOUN,7
pembulian,NUM,1
ppds,PROPN,1
maaf,PROPN,14
rating,NOUN,2
rendah,ADJ,3
internet,NOUN,2
tersedia,ADJ,11
memang,ADV,8
gimana,ADV,19
bukan,X,16
disarankan,VERB,4
lakukan,VERB,2
pas,ADJ,20
ujung2nya,NOUN,4
bingung,VERB,13
apalagi,ADV,13
sarankan,VERB,1
kota,NOUN,10
anda,PRON,15
masing2,VERB,1
akal,NOUN,3
periksa,VERB,3
salam,NOUN,4
oleh,ADP,14
alodokteraplikasi,NOUN,1
bila,CONJ,5
dilakukan,VERB,5
segera,ADV,8
keluarga,NOUN,7
khususnya,ADJ,2
anakanak,NUM,1
ksih,PROPN,3
pikirkan,NOUN,1
baik2,NOUN,2
kawan,NOUN,1
obati,NOUN,2
kata2,NOUN,1
hadeuhhhhh,NUM,1
mkc,PROPN,1
sayang,ADV,7
solutif,VERB,4
pun,X,29
bad,NOUN,3
experience,NOUN,1
aman,ADJ,4
kedua,NUM,2
kali,NOUN,28
balasannya,NOUN,3
dijam,PROPN,1
balesan,NOUN,6
selang,NOUN,3
kekirimnya,NUM,1
obrolan,NOUN,3
berakhir,VERB,6
transfer,NOUN,6
ngulang,VERB,1
kirim,NOUN,17
foto,NOUN,8
tombol,NOUN,3
share,NOUN,2
ditulisan,NOUN,1
mengetik,VERB,1
hadehh,NOUN,1
keburu,PROPN,9
daruratmantap,NOUN,1
terang,ADJ,1
sampah,PROPN,5
layanannya,NOUN,2
ntahlah,PROPN,1
dokternyasangat,NOUN,1
new,PROPN,1
mom,PROPN,1
trims,NOUN,8
responyya,NUM,1
krn,ADV,14
bebas,ADJ,1
pula,ADV,9
dokrrnya,NOUN,1
bahsanya,NUM,1
menakutkan,VERB,1
singkat,ADJ,11
padat,ADJ,4
emak2,NUM,1
bgs,NUM,1
selamat,VERB,5
malam,NOUN,15
doksya,NUM,1
berusia,VERB,1
39,NUM,1
th,PROPN,2
mempunyai,VERB,2
riwayat,NOUN,8
darah,NOUN,8
tinggi,ADJ,8
minum,NOUN,10
tinggisya,NOUN,1
program,NOUN,2
ank,PROPN,2
kondisi,NOUN,14
si,DET,11
inimah,NUM,1
astaga,NOUN,2
kudu,NOUN,1
emng,NOUN,2
kementerian,NOUN,2
detailsehat,PROPN,1
bg,PROPN,1
membayar,VERB,14
ataupun,CONJ,1
sharing,VERB,2
nyambung,PROPN,3
syaiful,PROPN,1
rahim,PROPN,1
doank,PROPN,3
auto,NOUN,6
manfaat,NOUN,2
dibutuhkan,VERB,3
slalu,NOUN,2
ongkir,PROPN,9
tebus,VERB,12
aloshop,PROPN,4
gagal,VERB,10
ngikutin,NUM,1
diminta,VERB,1
offline,ADJ,7
mendapatkan,VERB,13
lanjutan,NOUN,1
gaji,NOUN,1
usia,NOUN,4
82,NUM,1
tahun,NOUN,10
perut,NOUN,7
kembunga,VERB,1
sering,ADV,16
gas,NOUN,2
diawali,VERB,1
sedikit,ADV,11
mules,NOUN,1
kalaummules,NOUN,1
sara,PROPN,1
lemes,NOUN,2
dokrer,NUM,1
ramahjawaban,PROPN,1
ok,NOUN,42
baikkkk,ADJ,2
mantaprespon,PROPN,1
kejutan,NOUN,1
awal2,NUM,2
enjoy,NOUN,1
yah,VERB,7
jd,NOUN,11
dlm,ADP,6
beberapa,DET,9
bbrpa,NUM,1
tergantung,VERB,1
atau,CONJ,28
saingan,NOUN,1
turun,VERB,2
membqntu,ADJ,1
dojternya,NUM,1
pinter,VERB,1
senang,PROPN,9
pedalaman,NOUN,2
psikolognya,PROPN,3
mendengarkan,VERB,3
platformnya,NOUN,1
terbatss,NUM,1
merespon,VERB,17
selama,ADP,9
maka,CONJ,2
percakapan,NOUN,9
untung,NOUN,2
mereka,PRON,3
meraka,NOUN,1
rugi,NOUN,20
diakhiri,VERB,2
dirugikan,VERB,2
peecuma,NOUN,1
buang,NOUN,12
duit,NOUN,28
wektu,NUM,1
gus,PROPN,1
kasihdokterx,PROPN,1
ramahpuas,NOUN,1
jawabanx,PROPN,1
terlanjur,VERB,2
alasan,NOUN,6
keterangan,NOUN,9
sibuk,ADJ,6
doktermyaapapun,NOUN,1
titel,NOUN,1
hebatnya,NOUN,1
lulusan,NOUN,1
universitas,NOUN,2
manapun,NOUN,2
etitud,NOUN,1
kepada,ADP,6
demi,ADP,4
45rbsy,NOUN,1
ss,NOUN,1
ketidakpuasan,NOUN,1
iniapk,NOUN,1
apaan,NOUN,6
mengatakan,VERB,2
pujianapa,NUM,1
sihcari,NUM,1
ajah,NUM,1
ni,PROPN,8
top,PROPN,8
pelayanaanya,NUM,1
bgd,NUM,3
sangaaatttt,PROPN,1
ramaahhh,NUM,1
jelass,PROPN,1
berteletele,NUM,1
ditanggapi,VERB,1
sekarng,NOUN,1
appnya,NUM,1
baby,NOUN,1
umur,NOUN,4
4,NUM,8
bulan,NOUN,16
terkungkap,NUM,1
direspon,VERB,11
cept,NUM,1
nyaman,PROPN,8
berkonsultasi,VERB,8
jwbn,NOUN,1
sekalipuas,PROPN,1
cat,VERB,2
aneh,PROPN,6
close,NOUN,3
sistem,NOUN,13
males,NOUN,2
malesan,NOUN,1
gitu,NOUN,8
lowres,NOUN,1
bahkan,ADV,11
bercerita,VERB,1
mengenai,ADP,9
kronologi,NOUN,1
awal,ADJ,14
mula,NOUN,1
punlangsung,NOUN,1
dipotong,VERB,4
asal,ADP,3
asalan,NOUN,2
antibiotik,NOUN,3
nyeri,NOUN,9
sebelumnya,ADJ,7
lain,ADJ,33
7,NUM,9
prediksi,NOUN,2
ngga,NOUN,10
efek,NOUN,1
apapun,NOUN,6
resistensi,NOUN,1
klo,ADV,15
gini,PROPN,21
bikin,NOUN,13
kami,PRON,20
saangatt,NOUN,1
berkali,VERB,5
mencarikan,VERB,1
terakhir,ADJ,7
to,NOUN,7
point,NOUN,3
dishare,VERB,1
digoogle,PROPN,1
niat,NOUN,4
biar,NOUN,13
gamau,VERB,1
ditanya,VERB,8
diselesaiin,VERB,1
kecewaa,NUM,1
tipe,NOUN,1
konseling,NOUN,1
sejahteraklo,NUM,1
bertarifsedangkan,NOUN,1
hijau,ADJ,1
gratispantesan,NOUN,1
fikirankarena,NOUN,1
pengaruh,NOUN,1
dunia,NOUN,3
buruk,ADJ,20
sehatklo,VERB,1
jasmani,NOUN,1
rohani,ADJ,1
dimahal2,PROPN,1
akurat,ADJ,12
praktis,NOUN,9
tq,PROPN,2
luarbiasa,VERB,1
pnyakit,NUM,1
okk,PROPN,1
umurnya,NOUN,1
rmh,NUM,3
diare,NOUN,2
susunya,NOUN,1
ganti,NOUN,5
susu,NOUN,1
lln,NUM,1
babnya,PROPN,1
aga,PROPN,1
kemerahan,NOUN,2
berlendir,NOUN,1
ap,NOUN,2
sja,NUM,2
memuaskansehat,VERB,1
memberkati,VERB,1
monyet,NOUN,1
gbisa,NOUN,2
belom,NOUN,7
sampaikan,VERB,3
selesai,VERB,11
menyampaikan,VERB,1
menyampai,NOUN,1
tulang,NOUN,6
terasa,VERB,12
kaku,NOUN,4
bengkak,VERB,2
tkt,VERB,1
menyembuh,NOUN,1
komunikatif,ADJ,5
menarik,VERB,2
membaca,VERB,1
artikelnya,NOUN,4
artikel,NOUN,5
gizi,NOUN,2
terpenuhi,VERB,2
dalamnya,NOUN,2
bisakah,VERB,1
tambahkan,NOUN,2
perbandingan,NOUN,1
asuransi,NOUN,7
terburuk,ADJ,3
2yg,NOUN,1
baiksmuanya,NUM,1
ramahsangat,PROPN,2
adaan,NOUN,1
darurat,ADJ,15
masak,NOUN,3
iya,NOUN,5
nggak,NOUN,15
bantuan,NOUN,5
sendirian,NOUN,2
bantuin,ADJ,1
bedah,NOUN,2
saraf,NOUN,3
alodok,NOUN,11
neurologi,NOUN,1
trimksih,PROPN,1
goodddd,PROPN,1
disaat,NOUN,7
ditempat,NOUN,1
menenangkan,VERB,4
lipat,NOUN,1
yaaa,NOUN,4
mah,NOUN,6
penasaran,NOUN,1
payah,NOUN,6
bayarannya,NOUN,2
puasdan,ADJ,1
dokterny,PROPN,2
tks,NUM,6
berfungsi,VERB,2
i,PROPN,9
love,NOUN,3
pokoknyaaaaaa,NUM,1
ratna,PROPN,1
lega,PROPN,2
mendengar,VERB,2
masukkan,VERB,4
nomornya,NOUN,1
kunjung,ADV,7
dikirimkan,VERB,1
ribet,NOUN,12
sesulit,NOUN,1
sulit,ADJ,7
paling,ADV,6
gadak,NUM,1
tanggepin,VERB,1
tibatiba,NUM,1
waktunya,NOUN,5
habis,NOUN,15
siasiaaa,NUM,1
un,NOUN,2
bye,PROPN,2
anjayyy,NUM,1
wuh,PROPN,1
miskin,NOUN,2
ketemu,VERB,3
kayak,NOUN,3
anj,NOUN,4
kntollll,NOUN,1
free,NOUN,7
direkomendasikan,VERB,2
pertama,NUM,20
sia,NOUN,8
mudahan,VERB,1
dokperut,NOUN,1
kram,NOUN,1
sertai,NUM,1
lendir,NOUN,1
putih,ADJ,3
berbauhabis,NOUN,1
hati,NOUN,14
kejala,PROPN,1
kah,PROPN,2
semakin,ADV,5
lebij,VERB,1
sertifikat,NOUN,1
vaksinasi,NOUN,1
covid,NUM,1
dong,PROPN,19
vitur,PROPN,1
video,NOUN,3
fotokarena,VERB,1
kondisinya,NOUN,1
apallgi,VERB,1
hewan,NOUN,1
tanya2,NOUN,1
45ribu,NOUN,2
bank,NOUN,5
atw,PROPN,1
sopay,PROPN,1
priksa,NOUN,4
bidan,NOUN,1
80,NUM,1
sma,NOUN,4
andrologi,PROPN,2
lh,NOUN,1
pokoknya,NOUN,6
berikan,VERB,4
trbaik,NUM,1
adalah,VERB,3
cara,NOUN,12
pembayarannya,NOUN,2
operasional,ADJ,1
baikterimakasih,NUM,3
menganilisa,NOUN,1
huh,PROPN,1
mo,PROPN,1
tulus,NOUN,1
hbs,PROPN,1
gr2,NOUN,2
nih,NOUN,8
asli,ADJ,1
bkin,NOUN,1
mw,VERB,3
pikir2,NOUN,2
penjelasanx,PROPN,1
sngt,PROPN,5
travelling,NOUN,1
notif,NOUN,4
hilang,VERB,6
imanuel,PROPN,2
baikresponnya,ADJ,1
venni,NOUN,1
allah,PROPN,7
mudahkan,NOUN,1
segala,DET,5
urusan,NOUN,4
jazaakillahu,NOUN,1
khairon,NUM,1
semaunya,NOUN,1
seadanya,NOUN,3
serupa,ADJ,1
bisnis,NOUN,2
alamiterimakasih,VERB,1
macet,NOUN,1
hidup,ADJ,5
bagusbaik,PROPN,1
responya,NUM,6
bnget,PROPN,2
app,NOUN,21
diberi,VERB,4
perbedaan,NOUN,1
total,NOUN,5
pesanan,NOUN,20
ditampilkan,VERB,1
ongkirnya,NOUN,2
hitungan,NOUN,2
jika,CONJ,21
intinya,NOUN,2
ttg,ADP,6
kesehatandokter,NOUN,1
baiktrmaksih,NOUN,1
awam,ADJ,3
melegahkan,PROPN,2
sekrang,NOUN,1
terbantu,VERB,22
sekaliterimaksh,NUM,1
sangt,PROPN,3
memakan,VERB,1
clara,PROPN,1
malas,NOUN,2
klinik,NOUN,7
membaik,VERB,4
tingkatkan,VERB,3
sehingga,CONJ,7
respont,NUM,2
tulis,VERB,1
abal2,NOUN,1
9500,NUM,2
waspada,NOUN,1
teman2,NOUN,1
lumayan,ADV,17
seakurat,VERB,1
diharapkan,VERB,1
fatimah,PROPN,2
fitriani,PROPN,2
spdve,PROPN,1
terimah,NOUN,2
kasij,NUM,1
balesnya,PROPN,5
padatlugasbikin,NOUN,1
dada,NOUN,2
ploooong,NOUN,1
stlh,PROPN,1
curhat,VERB,3
risma,PROPN,1
diperbaiki,VERB,18
satunya,DET,1
ketepatan,NOUN,1
sebenarnya,ADV,5
gastroenterologi,NOUN,1
kukira,PROPN,3
byar,PROPN,1
sungguh,ADV,6
efisien,ADJ,2
ibuk,VERB,4
pekerja,NOUN,1
sekalipenjelasannya,NOUN,1
jelasdan,ADJ,1
dipahamitrimakasihmengobati,VERB,1
kecemasan,NOUN,1
recommended,ADJ,4
nunggunya,NUM,2
eh,NOUN,13
giliran,NOUN,6
sebentar,NOUN,2
berbayarbiaya,VERB,1
liat,NOUN,6
komentar,NOUN,2
doc,NOUN,3
pemakai,NOUN,1
berat,ADJ,3
sabu2,NUM,1
ber,VERB,3
tahun2,NOUN,1
makai,VERB,1
berhenti,VERB,2
kadang,ADV,8
mimpi,NOUN,1
memakai,VERB,1
sabu,PROPN,1
bangun,NOUN,2
badan,NOUN,6
semu,NOUN,3
terjadi,VERB,4
berbahaya,VERB,4
sangkat,NUM,1
skli,NUM,3
sip,PROPN,5
amat,ADV,10
urus,NOUN,1
return,NOUN,1
pengembalian,NOUN,10
dicancel,VERB,1
offcuti,NOUN,1
akunnya,NOUN,1
nonaktifkan,PROPN,1
cuti,NOUN,5
dananya,NOUN,3
kembalinya,NOUN,1
tuh,NOUN,4
bersin2,VERB,1
air,NOUN,3
bening,VERB,2
hidung,NOUN,2
tenggorokan,NOUN,2
perih,NOUN,1
batuk,NOUN,2
kenap,PROPN,1
mesti,X,3
pelayananya,PROPN,1
lekah,NUM,1
soal,NOUN,8
santun,ADJ,3
penipu,NOUN,3
sepihak,NOUN,1
data,NOUN,7
direfund,NOUN,1
entah,NOUN,1
kemana,NOUN,4
validasinya,NUM,1
anamnesa,NOUN,1
pengirimannya,NOUN,6
ai,NOUN,1
infeksi,NOUN,1
ketombe,NOUN,1
nyesel,NOUN,7
pindah,VERB,3
halodoc,PROPN,7
respom,PROPN,2
keterangannya,PROPN,3
termasuk,VERB,4
seksologi,NOUN,2
adakan,VERB,3
fitur,NOUN,15
kunsultasi,NOUN,2
metode,NOUN,4
menonton,VERB,1
iklan,NOUN,3
mudah2an,NOUN,1
dijelaskan,VERB,2
kecewaaaaaaaaa,NOUN,1
pasiennya,NOUN,2
tepat,ADJ,9
pliss,PROPN,1
aplikasinyamau,NOUN,1
loading,NOUN,5
lamaa,NOUN,2
gagalloading,PROPN,1
komunikasi,NOUN,5
berjalan,VERB,3
kecuali,ADV,2
kahknpa,NOUN,1
sekedar,ADV,2
bulanan,NOUN,3
angela,NOUN,2
sandi,NOUN,4
alo,VERB,10
lemotnya,PROPN,1
ngajakin,NOUN,1
ribut,NOUN,1
sumpah,NOUN,6
emosi,NOUN,2
aman2,NOUN,1
belakangan,NOUN,1
kebuka,VERB,3
elisa,PROPN,2
semangattrimakasih,NUM,1
saran2,PROPN,1
empatinya,PROPN,1
duh,PROPN,1
dibalesnya,PROPN,2
140,NUM,1
gajelas,NUM,3
12500,NUM,1
thtkulit,NOUN,1
hadeh,NUM,3
tingkat,NOUN,2
in,PROPN,6
deh,NOUN,16
kualitasnya,NOUN,1
nyari,VERB,5
ngantuk,NOUN,1
mumet,PROPN,1
dibales,PROPN,6
berbayarkacauuuu,NUM,1
haaaddeeehhhh,PROPN,1
nice,PROPN,11
difahami,VERB,1
seneng,PROPN,1
disini,NOUN,9
pre,NOUN,1
analisa,NOUN,1
anteraja,NOUN,6
bner2,VERB,2
lamaaa,NOUN,2
sampainya,PROPN,2
mkn,VERB,1
makanan,NOUN,3
berminyak,NOUN,1
jenis,NOUN,3
jerawat,NOUN,3
mantep,PROPN,2
nomer,NOUN,2
engga,NOUN,5
terkirim,VERB,3
yaa,PROPN,6
mahal2,NOUN,3
nyampein,VERB,1
suruh,NOUN,13
kagak,NOUN,3
ada2,NUM,1
duhudah,PROPN,1
kebaikan,NOUN,2
bapak,NOUN,3
betapa,ADV,1
mulianya,NOUN,1
profesi,NOUN,1
dialihkan,VERB,1
gigi,NOUN,5
gila,ADJ,1
baro,PROPN,1
mencoba,VERB,7
goood,PROPN,1
stop,NOUN,2
berlangganan,VERB,12
kepotong,VERB,5
debit,NOUN,4
bls,PROPN,7
lamagak,VERB,1
sebenernya,VERB,3
adabuang,NUM,1
edukatif,NOUN,1
infirmatif,NUM,1
ulasan2,NOUN,1
bahasanya,NOUN,1
pahamisemoga,NOUN,1
jaya,NOUN,2
nicee,PROPN,1
sdg,VERB,2
libur,NOUN,5
user,VERB,2
friendly,PROPN,2
uinya,NOUN,1
terjangkau,ADJ,9
akuratdan,NOUN,1
mulu,NUM,4
dipaksa,VERB,1
baikrespon,NOUN,1
lngsng,NOUN,1
guna,ADP,10
nga,NOUN,1
mempermudah,VERB,7
membeli,VERB,5
temen,NOUN,2
temenn,NUM,1
rs,PROPN,18
selengkap,NOUN,1
balasan,NOUN,22
murah,ADJ,16
kak,NOUN,2
mampu,ADV,6
muantap,PROPN,1
cptok,NUM,1
jelas2,NOUN,1
merk,NOUN,1
ngasih,VERB,2
affordable,VERB,1
harganya,NOUN,4
apotiknya,NOUN,1
terdekat,ADJ,12
kasihnya,NOUN,1
bermitra,VERB,1
luh,PROPN,1
cendrayuni,PROPN,1
mengarahkan,VERB,1
langganan,NOUN,4
disiniangat,PROPN,1
memabntu,ADJ,1
ala,NOUN,2
mempersulit,VERB,3
masyarakat,NOUN,10
sekalinya,PROPN,3
melakukan,VERB,7
ubah,VERB,4
depan,NOUN,2
biayanya,NOUN,1
dibandingkan,VERB,1
klikdokter,NUM,1
jwbnnya,PROPN,1
thx,NOUN,2
pitur,NOUN,1
apps,PROPN,4
bahas,NOUN,1
kemana2,NOUN,1
pejelasanya,NOUN,1
persoalan,NOUN,1
makan,NOUN,5
vitamin,NOUN,2
doksebelum,PROPN,1
kaca,NOUN,2
hny,VERB,1
knp,PROPN,4
berbayang,NUM,1
mengenal,VERB,2
arahannya,NOUN,2
mantapss,PROPN,2
dewi,PROPN,1
amirulita,NOUN,1
pemberian,NOUN,1
bru,NUM,2
jga,VERB,2
kn,PROPN,1
memastikan,VERB,1
kta,NUM,1
membuat,VERB,9
legah,VERB,1
mnjawab,NOUN,2
smua,NOUN,3
prtanyaan,NOUN,1
smoga,NOUN,4
cpet,PROPN,2
smbuh,PROPN,2
p,NOUN,1
sni,PROPN,1
23tahunan,NUM,1
datang2,VERB,1
hubungin,PROPN,1
call,PROPN,2
center,PROPN,1
plis,NOUN,3
perbaikin,NOUN,1
konfirmasi2,NUM,1
jls,NOUN,5
sue,PROPN,1
dibayar,VERB,7
hutang,NOUN,1
kalian,NOUN,8
meninggal,VERB,1
hak,NOUN,1
dilayani,VERB,3
sekli,NUM,1
beliau,PRON,1
digunakan,VERB,10
surat,NOUN,1
gatau,NOUN,5
caranya,NOUN,3
kakaknya,PROPN,1
bakar,VERB,2
lemak,NOUN,1
menghindari,VERB,1
berlemak,NOUN,1
baikmakasih,NOUN,1
emang,NOUN,7
menyebalkan,NOUN,3
bjsa,VERB,1
memilih,VERB,4
berhasilamin,NUM,1
nggk,PROPN,3
well,PROPN,1
done,NOUN,1
ikhlas,NOUN,2
sundala,NUM,1
cekout,VERB,1
kesalahan,NOUN,5
polll,NUM,1
berkurang,VERB,4
rekening,NOUN,7
bermanfadd,PROPN,1
semuwa,VERB,1
doksudah,PROPN,1
gokil,PROPN,1
memerikan,VERB,1
penanganan,NOUN,4
weyyy,PROPN,1
dimana,CONJ,4
tanggung,NOUN,3
janjian,NOUN,1
daerah,NOUN,4
tindakan,NOUN,4
persiapan,NOUN,1
penjelas,PROPN,1
seht,NOUN,1
doktermau,PROPN,1
kosultasianak,NOUN,1
sata,PROPN,1
19,NUM,3
tahundia,NUM,1
main,NOUN,3
bersma,NUM,1
teman,NOUN,2
temannyakadang,PROPN,1
ambil,VERB,5
berhrga,NOUN,1
dirumh,PROPN,1
dijualsering,PROPN,1
kesadaran,NOUN,1
yaitu,ADV,2
dlam,VERB,1
sadar,ADJ,3
tinju,NOUN,1
tembokpernh,PROPN,1
meja,NOUN,1
bijidi,NUM,1
nasehati,NUM,1
dengar,VERB,3
sepatah,VERB,1
pundia,NOUN,1
kampus,NOUN,1
apasi,PROPN,1
anehhh,NUM,1
membutu,VERB,1
bsa,PROPN,4
alami,VERB,5
wkt,NOUN,1
order,NOUN,6
smpe,NUM,6
skrg,NOUN,6
jawabanya,PROPN,1
6,NUM,4
uda,NOUN,7
membatu,VERB,12
gercep,NUM,5
perasaan,PROPN,4
bagus2,PROPN,1
penyelesaiannya,NOUN,1
dighosting,VERB,1
tengah2,PROPN,1
siapaphn,NUM,1
ghosting,NOUN,1
alhamdulilah,PROPN,3
perbaikan,NOUN,2
kolsul,VERB,1
penyampaian,PROPN,1
kereeenn,PROPN,1
kaki,NOUN,7
kemo,NUM,1
kalinya,NOUN,1
tanyakan,NOUN,1
recomend,NUM,1
bayi,PROPN,1
5hr,NUM,1
kepala,NOUN,7
tumbuh,VERB,4
bintik2,NOUN,1
mengandung,VERB,1
cairan,NOUN,2
repot2,NUM,1
gampang,VERB,6
disuru,VERB,4
habistu,NOUN,1
milih,VERB,3
pahamterimakasih,NOUN,1
menggunakan,VERB,10
sat,NOUN,3
set,NOUN,2
para,DET,4
skp,PROPN,1
kerontokan,NOUN,1
rambut,NOUN,1
thanks,NOUN,7
menyukainya,VERB,1
walau,CONJ,3
setidaknya,ADV,1
terselesaikan,VERB,1
konsultasianalisq,NOUN,1
details,NOUN,1
gerd,NOUN,2
kiri,NOUN,7
kanan,ADJ,5
nitrokap,NOUN,1
aspilet,NUM,1
sebetulnya,NOUN,1
jantung,NOUN,1
negri,NOUN,1
diagnostik,NOUN,1
pemakaiannya,NOUN,1
minggu2,VERB,1
mksi,NUM,1
invoicenya,NOUN,1
lengkapi,NOUN,1
dri,NOUN,5
klaim,NOUN,2
kantor,NOUN,1
thankyou,NUM,2
jaman,NOUN,3
pesta,NOUN,1
korona,PROPN,1
ngrekes,ADJ,1
artikelartikel,NOUN,1
menambah,VERB,3
pengetahuan,NOUN,1
siapa,NOUN,1
organ2,NOUN,1
vitalnya,NUM,1
bismilah,PROPN,1
keyboard,NOUN,1
ngetik,NUM,4
gmn,PROPN,2
mendownload,VERB,2
menanyakan,VERB,2
perihal,NOUN,1
konsumsi,VERB,4
backup,NOUN,1
penipuanmau,PROPN,1
tetapi,CONJ,12
responramah,NOUN,1
mencari,VERB,5
alat,NOUN,1
medis,ADJ,12
melindingi,NUM,1
paska,NOUN,1
sebagian,DET,2
tempurung,NOUN,1
kepalanya,NOUN,2
dipasangmohon,VERB,1
alamat,NOUN,5
bandung,PROPN,2
sekalian,PROPN,4
berkenaan,VERB,1
protektor,NOUN,1
dimaksud,VERB,1
respond,NOUN,3
gausah,NOUN,1
duid,NOUN,1
boro,VERB,2
kejelasan,NOUN,3
fress,PROPN,1
wajib,NOUN,1
5bintang,NUM,1
dn,VERB,11
mantul,PROPN,1
lelah,ADJ,2
aktif,ADJ,2
wkwkwk,NOUN,1
50,NUM,1
konsulnya,NUM,4
emg,PROPN,5
bener,VERB,11
smg,NUM,3
resepkan,NOUN,2
informasinya,NOUN,6
itupun,NOUN,5
dredlin,PROPN,1
gisela,PROPN,1
darmadji,PROPN,1
baek,PROPN,1
masya,PROPN,2
himbauan,NOUN,1
ajak,NOUN,2
kieain,PROPN,1
u,VERB,4
layar,NOUN,2
tarik,NOUN,1
mskipun,NOUN,1
agak,ADV,13
ngelani,NOUN,1
pelanggan,NOUN,1
terhormat,ADJ,1
telah,ADV,5
menghubungi,VERB,2
kendala,NOUN,3
bapakibu,NUM,1
diterima,VERB,4
informasikan,NUM,1
bahwa,CONJ,2
pick,NOUN,2
upanteraja,PROPN,1
mitra,PROPN,1
kurir,NOUN,10
reguler,ADJ,2
delivery,NOUN,1
tujuan,NOUN,1
diserahterimakan,VERB,1
dsini,NOUN,1
sampek,NOUN,4
bejat,NOUN,1
melayani,VERB,7
diresepinklaim,ADJ,1
karyawan,NOUN,1
segampang,NOUN,1
lho,NOUN,3
jambi,PROPN,1
dokterx,NOUN,3
penjelasam,NOUN,1
mantapdokternya,PROPN,1
ramahmks,NOUN,1
byk,NUM,4
septiana,NOUN,1
wahyu,PROPN,1
s,PROPN,3
rubah,VERB,1
semelu,NOUN,1
grtis,PROPN,2
fasilitas,NOUN,4
mudh,NOUN,1
gaak,VERB,1
apknya,VERB,5
sangan,VERB,2
bnyk,NOUN,2
nanya2,NOUN,2
ramahbaik,VERB,1
ewalet,NOUN,2
diri,NOUN,5
terpercaya,ADJ,3
nan,NOUN,1
50k,NOUN,1
panen,NOUN,1
hiya,PROPN,1
yasyg,NOUN,1
penjelasaanya,PROPN,1
berkonsultasiny,NUM,1
lemah,ADJ,1
tak,X,6
temu,NOUN,3
keduanya,PROPN,1
dibatalin,VERB,1
macam,NOUN,4
nyetel,VERB,1
mmg,NOUN,3
booking2,NOUN,1
ginian,NUM,1
gertis,NOUN,1
doksangat,PROPN,1
terimkasih,NOUN,1
allo,NUM,2
mengetahui,VERB,2
mengatasi,VERB,2
gejala,NOUN,8
ayo,NOUN,1
jelasss,VERB,1
bahu,NOUN,1
sudah5buln,PROPN,1
nah,NOUN,1
ngedonglod,NOUN,1
sukabbet,PROPN,1
fitur2ini,NOUN,1
sangat2,NOUN,5
nama,NOUN,4
tagaroi,NOUN,1
stngah,NUM,1
smpai,NOUN,1
trttup,NOUN,1
balikin,VERB,5
woi,NUM,2
semuasaya,NUM,1
sangatt,PROPN,2
membantuuu,NUM,1
bahasa,NOUN,1
kerahasian,VERB,1
lindungi,NOUN,1
ungkap,NOUN,1
rahasia,NOUN,2
setalah,NOUN,1
konsuktasi,NUM,2
mendowload,NUM,1
lelet,NUM,1
jlsin,NOUN,1
tifak,PROPN,1
masukdi,VERB,1
negara,NOUN,2
selain,ADP,3
pdh,PROPN,1
100,NUM,3
posisinya,NOUN,1
enggak,VERB,2
loh,NOUN,4
segitu,NOUN,2
muak,VERB,1
nungguinnya,VERB,1
kembaliin,NOUN,1
uangnya,NOUN,6
knapa,PROPN,1
diresepkan,VERB,6
menerang,PROPN,1
dijalankan,VERB,1
positif,ADJ,1
vibes,NUM,1
rerpon,NOUN,1
bersyukur,VERB,2
very,NOUN,2
helpful,NUM,1
baikmeningkat,ADJ,1
semangaatt,VERB,1
dipakai,VERB,2
sekalipun,ADV,1
astrid,PROPN,1
konyol,NOUN,2
ketutup,NOUN,4
jwbnya,NOUN,1
dikira,VERB,2
seenaknya,NOUN,2
gara2,NUM,1
dibalikin,NOUN,1
gjls,NUM,1
doctor,NOUN,4
kesehatannya,NOUN,1
bantu,NOUN,4
ditanyai,VERB,1
overall,NOUN,1
minus,PROPN,3
bahagia,NOUN,2
ruang,PROPN,7
chatt,NUM,8
error,NOUN,8
bolak,VERB,1
balik,NOUN,7
berprilaku,NOUN,1
pasienn,NUM,1
bug,NOUN,13
logindaftar,VERB,1
lanjut,ADJ,6
keseluruhan,NOUN,3
karakter,NOUN,2
jgn,NOUN,11
dibatasi,VERB,3
menceritakan,VERB,1
ùíîùíÇùíèùíàùíÇùíï ùíëùíñùíÇùíî,PROPN,1
baiikk,NOUN,1
mudang,NOUN,1
mantaps,NUM,1
detil,NOUN,1
g,PROPN,8
layanin,NOUN,1
cok,PROPN,1
kek,PROPN,5
life,NOUN,1
pertanyaannya,NOUN,2
drpd,NUM,2
log,NOUN,4
bngung,NOUN,1
masyaallah,PROPN,2
obsgyn,NUM,1
raumanen,PROPN,1
lingkan,PROPN,1
roeroe,PROPN,1
pendidikan,NOUN,1
sub,NOUN,1
kabur,VERB,1
spp,NOUN,1
brawijaya,PROPN,1
malang,NOUN,2
bosan,ADJ,1
ehm,NOUN,1
cinta,NOUN,1
my,NOUN,3
sang,DET,1
obstetricians,NUM,1
ich,PROPN,1
loeb,PROPN,1
diichh,PROPN,1
aissdddtrtiiu,PROPN,1
alleluja,PROPN,1
haleluya,PROPN,1
gbu,PROPN,2
rsmata,PROPN,1
pusat,NOUN,2
mabes,PROPN,1
tni,PROPN,1
unhan,PROPN,1
pertahanan,NOUN,1
ri,NOUN,1
dikuatkan,VERB,1
menyakinkan,VERB,1
sejak,ADP,4
kemarin,NOUN,3
aslinya,ADJ,2
cepatpenjelasannya,NOUN,1
selali,NOUN,1
respon2,VERB,2
okee,PROPN,3
lahh,NUM,1
panik,NOUN,6
baikk,PROPN,4
booking,VERB,2
bengkulu,PROPN,1
gading,PROPN,1
medika,PROPN,2
mendapat,VERB,5
bookingan,NOUN,1
tersebut,DET,3
status,NOUN,5
menyatakan,VERB,1
berhasil,VERB,8
membantudokter,ADJ,1
wahhh,NOUN,1
instruksi,NOUN,1
ayooo,NUM,1
kamu,PRON,1
pengalaman,NOUN,6
luas,ADJ,3
konsultasinya,NUM,3
gamasuk,NOUN,1
laah,NOUN,1
transaksi,PROPN,10
batalkan,PROPN,6
kebuang,NUM,2
duitnyaaa,PROPN,1
sgat,VERB,2
mengurangi,VERB,1
erdss,PROPN,1
hallo,NOUN,1
menyelesaikan,VERB,1
seluruh,DET,1
sosmed,NOUN,1
luck,NOUN,2
nambah,NOUN,1
wawasan,NOUN,4
bermasalah,VERB,5
upload,NOUN,2
gambar,NOUN,2
fotopadahal,NOUN,1
setingan,VERB,1
benar,ADJ,8
mengijinkan,VERB,1
terjadisaya,VERB,1
nisa,VERB,1
gambarpadahal,NOUN,1
permasalahan,NOUN,1
misal,NOUN,1
responsifterimakasih,NUM,1
dea,PROPN,1
bang,NOUN,1
pdhal,PROPN,3
syh,PROPN,1
bner,PROPN,2
stiap,NOUN,1
pinggang,NOUN,4
telapak,ADP,3
kaky,NOUN,1
trasa,NUM,1
panas,ADJ,5
pegal,NOUN,1
keluhanterima,NOUN,1
ketut,PROPN,1
menyuruh,VERB,1
tahunya,NOUN,1
mempunya,VERB,1
wajah,NOUN,1
iritasi,NOUN,1
sensitif,ADJ,1
pengguna,NOUN,5
sequis,NUM,1
setting,VERB,1
domisili,NOUN,1
kediri,NOUN,2
pulo,PROPN,1
gebang,PROPN,1
jakarta,PROPN,1
nyampe,NOUN,4
admin,PROPN,8
kenapanya,PROPN,1
pemilihan,NOUN,1
lokasi,NOUN,3
kesediaan,NOUN,1
heran,VERB,1
semacam,DET,1
amlodipin,NUM,1
neurodex,NOUN,1
hampir,ADV,9
pnngann,NOUN,1
pertma,NUM,1
pertolong,NOUN,1
server,NOUN,2
cuek,PROPN,1
bantuannya,NOUN,2
shop,NOUN,2
tolak,NOUN,3
tindak,NOUN,2
dokterku,NUM,1
ksehatan,NUM,1
20,NUM,4
april,NOUN,4
2024,NUM,5
dikirim2,NUM,2
ysudah,NUM,1
ajukan,NOUN,3
yahhhh,NUM,1
sumpahhh,NOUN,1
lelett,NOUN,1
batas,NOUN,3
sabarnya,NUM,1
nanyak,VERB,1
duduk,VERB,1
jonkok,NOUN,1
kluar,NOUN,3
lubang,NOUN,1
anus,NOUN,1
lukak,NOUN,1
kecil,ADJ,2
situ,NOUN,2
mentup,NOUN,1
luka,NOUN,2
ngak,NOUN,7
jamjam,NOUN,1
istirahat,NOUN,1
nyah,PROPN,2
terimaksih,NUM,2
pastrespon,NOUN,1
mendesak,VERB,3
aldokter,NUM,2
nebus,NOUN,4
membatalkan,VERB,3
stok,NOUN,3
sebesar,ADP,3
400,NUM,1
tanggal,NOUN,7
tua,ADJ,1
pelayannnya,NUM,1
ehh,NOUN,5
sesinya,PROPN,1
laaaaammaaaaaa,PROPN,1
benerrr,PROPN,1
jelekk,PROPN,1
traffic,NOUN,2
gaperduli,NOUN,1
lu,NOUN,2
keteteran,NOUN,1
maksimal,ADJ,2
kepastian,NOUN,1
durasi,NOUN,4
berujung,VERB,1
ngisi,VERB,3
berdiskusi,VERB,1
terbuka,VERB,4
wajibkan,PROPN,1
ngechat,VERB,1
membantusupport,ADJ,1
for,PROPN,3
all,NOUN,2
malesresep,VERB,1
ragu2,PROPN,1
langkah2,NOUN,1
doktersukses,NOUN,1
daniel,PROPN,1
ferrand,PROPN,1
gamblang,NOUN,1
cmn,PROPN,3
untk,NOUN,1
bangeeet,NOUN,1
obaaat,NUM,1
haripadahal,NUM,1
deskripsi,NOUN,1
jamsangaaaat,NUM,1
logis,ADJ,1
sakitbukan,VERB,1
mahalmahal,NOUN,1
permanen,NOUN,1
maksudnya,NOUN,1
cobaa,NOUN,1
supaya,CONJ,3
memesan,VERB,5
a,NOUN,4
ditemani,VERB,1
z,NOUN,6
dokbetis,PROPN,1
jsmile,NOUN,1
perawatan,NOUN,1
saluran,NOUN,2
akar,NOUN,3
kunjungan,NOUN,2
perawaatan,NOUN,1
drgchristine,NOUN,1
sayangnya,ADV,2
loadingnya,PROPN,2
capek,NOUN,2
nungguin,VERB,3
tambah,VERB,1
pembelian,NOUN,6
hehe,NOUN,3
consul,VERB,1
secaraa,NOUN,1
private,PROPN,2
dokteralhamdulillah,PROPN,1
adem,NOUN,1
alodokternya,NOUN,1
merepet,NOUN,1
sebelum,ADP,8
memasukkan,VERB,1
berulangulang,NOUN,1
dilihat,VERB,2
jasa,NOUN,13
benarbenar,NOUN,2
menyusahkan,VERB,2
antar,ADP,6
next,NOUN,7
day,NOUN,7
ngehambat,NOUN,1
22,NUM,1
instan,NOUN,3
kritis,ADJ,2
matii,NUM,1
setia,ADJ,1
jne,PROPN,1
mkasih,PROPN,1
diagnosis,NOUN,3
disampaikan,VERB,1
kurangnya,VERB,1
seharusnya,ADV,3
hubungi,VERB,5
dahulu,ADV,2
lamanya,VERB,2
gilaakk,PROPN,1
gabalik,NOUN,1
jawabterima,NOUN,1
dtng,PROPN,1
jarak,NOUN,4
tokonya,NOUN,2
instant,NOUN,1
grab,NOUN,3
costumer,NOUN,1
markotop,NUM,2
muter,NOUN,7
abis,NOUN,1
obatgk,NOUN,1
anter,NOUN,2
namanya,NOUN,4
krim,NOUN,1
kmrn,NOUN,1
blum,PROPN,2
kirm,PROPN,1
demam,NOUN,4
kirimnya,NOUN,1
skit,PROPN,2
emergency,NOUN,1
terlewat,VERB,1
berhentikan,NOUN,1
orng,NOUN,2
berpendidikan,VERB,2
hargai,NOUN,1
bertemu,VERB,4
abaikan,VERB,1
muhammad,PROPN,1
rifqie,PROPN,1
praktek,NOUN,4
pratama,PROPN,1
yonif,PROPN,1
403wpkabupaten,PROPN,1
sleman,PROPN,1
yakin,ADJ,1
pukesmas,PROPN,1
singkatjujur,PROPN,1
aplikasih,PROPN,2
tengah,ADJ,6
monitoring,NOUN,1
es,NOUN,1
didede,NUM,1
vs4,NUM,1
d2,PROPN,1
35,NUM,1
see,NOUN,1
3vd,NUM,1
thank,PROPN,5
youu,NUM,1
melayang,VERB,1
ngerti,NOUN,1
trimkasih,NUM,2
bagushanya,VERB,1
terorganisir,VERB,1
baikapotik,NOUN,1
tuju,NOUN,2
dekat,NOUN,1
sayatapi,NUM,1
pilihan,NOUN,7
nurulnunggu,NOUN,1
kalii,NUM,1
anjinglah,NOUN,1
hemat,VERB,4
konsulny,PROPN,1
menerangkan,VERB,1
ngeleg,ADJ,2
parahkonsul,PROPN,1
naik,VERB,1
kira2,NOUN,2
19000,NUM,1
payahhhh,NUM,1
diproses,VERB,3
nyatrmkasih,NOUN,1
krna,NOUN,4
100km,PROPN,1
bilangnya,NUM,1
harap,X,2
sembari,NOUN,1
3x,NOUN,2
mandiri,ADJ,1
ketimbang,VERB,1
alam,NOUN,1
ditunjuk,VERB,2
pihaknya,NOUN,1
cust,NUM,1
terua,VERB,1
berlangsung,VERB,1
grabnya,NUM,1
cash,NOUN,2
tidam,VERB,1
tf,PROPN,4
dikembalikan,VERB,6
pengen,VERB,2
ruwet,VERB,1
nggam,NOUN,1
shopchate,NOUN,1
so,NOUN,5
far,NOUN,3
gunakan,VERB,5
pencerahan,NOUN,1
pikiran,NOUN,2
jawabsaya,NOUN,1
sibuksaya,VERB,1
besoknya,NOUN,3
mengingatkan,VERB,1
mendingan,NOUN,1
sesekali,VERB,1
eehhh,NOUN,1
dateng,PROPN,4
jwbax,NUM,1
memuaskn,ADJ,2
ramahkeren,NUM,1
baikpuas,NOUN,1
ceritanya,NOUN,2
yasaya,NOUN,1
2327,NUM,1
31menitsaya,NOUN,1
balasgiliran,NOUN,1
tidur,VERB,3
227,NUM,1
balassaya,NOUN,1
percakapannyaklo,NUM,1
lagiklo,NOUN,1
donkkan,VERB,1
berarti,VERB,1
donkkok,NOUN,1
nanggung,PROPN,1
kerugian,NOUN,1
tampil,VERB,1
notifikasi,NOUN,3
45rb,NUM,3
bisae,NOUN,1
antri,NOUN,6
tetap,VERB,9
ka,PROPN,2
tiap,DET,8
web,NOUN,2
tim,NOUN,2
semangat,NOUN,1
sabtu,NOUN,1
pemerintah,NOUN,1
dicoba,VERB,3
11,NUM,1
kubalas,NOUN,1
berakhirrr,VERB,1
jelassss,NUM,1
cerita,NOUN,1
berkalikali,NOUN,1
telpon,NOUN,6
iga,PROPN,1
pingsan,NOUN,1
gokd,PROPN,1
akhiri,NOUN,2
dh,PROPN,1
ujung,NOUN,5
humble,PROPN,1
dokjzkmllhikhoiron,PROPN,1
ktsiron,PROPN,1
lekas,NOUN,2
solusinya,NOUN,9
referensinya,NOUN,1
lo,NOUN,2
makanya,NOUN,1
dwonload,NOUN,2
ditunggu,VERB,2
3jam,NOUN,1
sambil,ADP,2
mengajukan,VERB,4
terjawab,VERB,1
ketiduran,NOUN,4
sekiranya,NOUN,1
stock,NOUN,1
kosong,ADJ,2
nggggaaaak,VERB,1
buangetz,NUM,1
28,NUM,1
maret,NOUN,2
ditransfer,VERB,1
gopay,NUM,4
estimasi,NOUN,3
smpek,PROPN,2
nyampek,NUM,2
pkek,NUM,1
jadul,NOUN,1
detik,NOUN,1
nolongin,NUM,1
byreh,NOUN,1
tadi,NOUN,5
penilaian,NOUN,1
tidaklah,ADV,1
general,ADJ,1
dispesifikasikan,VERB,1
contoh,NOUN,1
pengalamanya,VERB,1
ruam,NOUN,1
kering,ADJ,2
dll,NOUN,1
paham,VERB,3
salep,NOUN,1
melenceng,VERB,1
temui,VERB,1
you,PROPN,4
are,PROPN,2
still,PROPN,1
alone,PROPN,1
memiliki,VERB,4
tersangka,NOUN,2
sanggup,VERB,3
welcomejawabannya,PROPN,1
nembus,NUM,1
batal,NOUN,1
dibanding,VERB,5
hlodoc,PROPN,1
spesialisdan,NOUN,1
ktika,PROPN,1
seringkali,ADV,2
berdampak,VERB,1
snagat,PROPN,1
pnjelasan,NOUN,3
doktetny,PROPN,1
tomy,PROPN,1
martin,PROPN,1
marthius,NOUN,1
berkelanjutan,VERB,1
teratasi,VERB,1
respectdokter,PROPN,1
akuratt,VERB,1
ngantri,NOUN,2
poli,NOUN,1
swt,PROPN,1
berlipat,VERB,1
komplain,NOUN,3
oprasional,NUM,2
toko,NOUN,5
2200,NUM,1
invoice,NOUN,1
2052,NUM,1
opsi,NOUN,7
kembalikan,VERB,3
beban,NOUN,2
fokterdalam,NOUN,1
system,NOUN,1
3hari,NOUN,1
kliring,NOUN,1
konsumen,NOUN,3
terbatas,ADJ,3
pasrah,VERB,1
uninstal,NUM,5
selamanya,ADV,1
kapok,VERB,3
¬Ω,NOUN,1
ngadu,VERB,1
ngomong,VERB,5
faedahnya,NOUN,1
basa,VERB,1
basi,ADJ,1
sdah,PROPN,1
kli,NUM,1
jwban,NOUN,2
aladokternya,NOUN,1
era,NOUN,2
digital,ADJ,1
telp,PROPN,1
menguasai,VERB,1
tiroid,NOUN,1
nyesal,NOUN,2
ngabisin,NUM,1
diajukan,VERB,2
lanjutkan,NOUN,1
bmanfaat,NOUN,1
dimudahkan,VERB,1
nyaa,NOUN,1
nanti,ADV,7
anaklangsung,NUM,1
ama,ADP,3
terimakasihh,NOUN,1
dimengertiterima,NOUN,1
dihadapi,VERB,1
and,CONJ,1
assalamualaikumdok,PROPN,1
penderita,NOUN,4
ambeyen,NOUN,1
setadiun3afakah,NUM,1
gassss,NUM,1
imformatif,NUM,1
pakek,NOUN,1
gambarnya,NOUN,1
alm,NOUN,1
rian,PROPN,1
eeh,NUM,1
kalangan,NOUN,1
nyadar,NOUN,1
penyelesaian,NOUN,1
accurat,NUM,1
kecocokan,NOUN,1
herbal,NOUN,3
vco,NOUN,1
matcha,NOUN,1
diminum,VERB,1
literaturnya,NOUN,1
berusaha,VERB,2
ramahsabar,NUM,1
detailjelas,NUM,1
assalamualaikum,PROPN,1
awalnya,ADV,2
berlubang,VERB,1
dahak,NOUN,1
bau,NOUN,2
adanya,NOUN,5
alodoktersy,PROPN,1
harapan,NOUN,1
lainnya,ADJ,4
lfi,NOUN,1
kyk,NOUN,2
bot,ADJ,4
ampas,NOUN,1
disediakan,VERB,1
templet,NOUN,1
tolol,PROPN,5
barusan,VERB,1
pilih,VERB,4
gakepake,NOUN,1
nulis,NOUN,1
kl,PROPN,3
nantinya,NOUN,1
kebijakan,NOUN,1
justru,ADV,1
ratingnya,VERB,1
menanggulangi,VERB,1
baiknya,PROPN,3
diubah,VERB,1
ecommerce,PROPN,1
misalnya,NOUN,1
klik,NOUN,5
shopeepay,NOUN,4
sengaja,ADV,2
bayarnya,PROPN,3
doktenya,PROPN,4
genting,NOUN,2
bejerjasama,VERB,1
gmna,NOUN,3
teruss,PROPN,1
tanggapjelas,NUM,1
sempat,ADV,5
carinya,NOUN,1
random,NOUN,1
tololnya,NOUN,1
lokasinya,NOUN,1
dijual,VERB,1
adek,NOUN,1
muter2,NOUN,1
jengkel,VERB,1
belik,NOUN,1
siap,VERB,1
dtg,NOUN,3
same,NOUN,2
nerima,VERB,1
unistal,PROPN,3
pengirimanya,NOUN,1
kamipembeli,NOUN,1
pembeli,NOUN,1
daerahnya,NOUN,1
kembaliretur,NUM,1
propesional,NUM,1
mlencoba,VERB,1
ditingkatkan,VERB,4
psikolog,NOUN,3
profesional,ADJ,4
mudeng,VERB,1
gpp,NUM,1
xx,PROPN,2
bkn,NUM,2
kewenangan,NOUN,1
sbg,NOUN,1
februari,NOUN,1
eskalasi,NOUN,1
membantukami,ADJ,1
trsebuttolong,NUM,1
tersebutkculi,NOUN,1
sama2,NOUN,1
penghasilan,NOUN,3
mslh,VERB,1
pembayaranblum,PROPN,1
tentu,ADV,1
perubahan,NOUN,2
atasi,NOUN,2
aodokter,PROPN,1
infonya,PROPN,2
donload,VERB,2
faham,NOUN,1
zaman,NOUN,1
skarang,PROPN,1
martinus,PROPN,1
satya,PROPN,1
gani,PROPN,1
selaluaamiiin,NUM,1
sekelas,VERB,1
buset,PROPN,1
full,PROPN,1
trafic,NOUN,1
lancar,NOUN,3
duluugratis,NUM,1
berharga,VERB,1
bertahun,VERB,1
dibanyakin,VERB,1
dokternyat,PROPN,1
mntap,PROPN,1
menginformasikan,VERB,1
diresepin,PROPN,2
ditanggal,NUM,1
16,NUM,1
benjolan,VERB,3
payudara,NOUN,1
sesak,NOUN,1
rusuk,NOUN,1
haha,NOUN,1
lawak,NOUN,1
tergabung,VERB,1
gerak,NOUN,3
menjawabterima,NOUN,1
tergesa,VERB,1
gesa,NOUN,1
robot,NOUN,2
dimaklumi,VERB,1
spesialisnya,NOUN,1
penjelasaan,PROPN,1
baiikkk,PROPN,1
penting,ADJ,2
digambarkan,VERB,1
kalimat,NOUN,1
urgen,NOUN,1
ydh,PROPN,1
blom,NUM,2
besok,NOUN,4
jaminan,NOUN,1
visa,NOUN,1
cancell,NOUN,1
gua,NOUN,8
ditilep,PROPN,1
anying,PROPN,1
prtnyaan,NUM,1
jwabannya,VERB,1
kolom,NOUN,3
gaje,NOUN,1
rb,NOUN,1
got,NOUN,1
nothing,NOUN,1
laporan,NOUN,2
plong,NUM,1
operasinya,NOUN,1
jugah,VERB,1
bertnya,NOUN,2
berbicara,VERB,1
keluhannya,NOUN,1
lumayanmeski,PROPN,1
lamatinggal,NOUN,1
kasiat,NOUN,1
menanggapi,VERB,3
dijanjikan,VERB,2
ribett,NUM,1
bgttt,NUM,1
office,NOUN,1
penjualan,NOUN,1
seminggu,NOUN,2
dibalik,VERB,1
pesenan,NUM,1
muakkk,NUM,1
mendetil,ADJ,1
jagat,NOUN,1
dimasukin,NOUN,1
keranjang,NOUN,1
bisa2,NOUN,3
flek,NOUN,1
muda,ADJ,2
stuck,PROPN,2
logo,PROPN,1
hati2,NOUN,1
sales,NOUN,2
daftarin,VERB,2
ktp,PROPN,1
rek,NUM,3
atm,NOUN,5
bakalan,PROPN,2
kesedot,NOUN,1
39ribu,NUM,1
bulannya,NOUN,2
komfirmasi,NOUN,1
maling,NOUN,2
jarang,ADV,2
39rb,NUM,1
bln,NOUN,2
akhirat,NOUN,2
ridho,NOUN,1
efesiensi,NOUN,1
totalitas,NOUN,1
btul,NUM,1
suyanti,NUM,1
selama10,NUM,1
menghilang,VERB,2
keuntungannya,NOUN,1
jelasmasak,NOUN,1
nahan,VERB,1
datangpadahal,NOUN,1
dikota,ADP,1
besarknp,PROPN,1
ujungnya,NOUN,4
dahlah,NOUN,1
kesebelah,NOUN,2
gembel,NOUN,2
otpt,PROPN,1
respot,NOUN,1
autodebit,NOUN,1
49k,PROPN,1
pdahal,NUM,2
sejauh,NOUN,1
penahanan,NOUN,1
hri,NOUN,1
merah,NOUN,6
dihitung,VERB,1
sekarangtidak,NOUN,1
jujur,NOUN,3
bertanggung,VERB,2
sekluarga,NUM,1
penguna,NOUN,1
membantuya,NOUN,1
terpitong,VERB,1
pencet,VERB,2
mendidik,NOUN,1
nyamantap,NOUN,1
respons,NOUN,5
responx,NOUN,1
bantuanya,NUM,1
puasdengan,PROPN,1
dexanta,NOUN,1
menyusui,NOUN,1
menghapus,VERB,1
sediakan,NOUN,1
bakal,ADV,1
spesifik,ADJ,1
terkesan,VERB,1
menyepelekan,NOUN,1
keluarkan,NOUN,3
membayarnya,VERB,1
review,NOUN,1
sebanding,VERB,1
maximal,PROPN,1
prtma,VERB,2
semakim,PROPN,1
jelassssssss,NOUN,1
burukkkkkkk,NOUN,1
dianggurin,PROPN,1
20menit,PROPN,1
anjaaay,PROPN,1
bener2,NOUN,3
terbuang,VERB,1
siang2,NUM,1
akuratsaya,NOUN,1
butut,PROPN,1
tukang,NOUN,1
ituya,NOUN,1
terimahkasih,NUM,1
lamaaaaaa,PROPN,1
responyaaaaaa,NUM,1
payaah,PROPN,1
tahunan,ADJ,1
dibalasbalas,VERB,1
dibayarkan,VERB,1
hangus,NOUN,3
suami,NOUN,5
kesembuhan,NOUN,1
aamiin,NUM,1
bangettrima,NOUN,1
dom,PROPN,1
dipilihkan,NOUN,2
surabaya,PROPN,1
blitar,PROPN,1
dipilih,VERB,1
ketersediaan,NOUN,2
warna,NOUN,1
kena,NOUN,6
potongan,NOUN,1
49000guna,NUM,1
sayaklo,NOUN,1
bgni,PROPN,1
tntang,NOUN,1
jawap,PROPN,1
epilepsi,NOUN,1
dibantu,VERB,2
jogja,NOUN,1
bahaya,NOUN,2
trmksh,NOUN,1
lola,PROPN,1
nunvgu,NOUN,1
gag,NOUN,1
berjam,VERB,1
ayolahhh,NUM,1
responn,PROPN,1
hmm,PROPN,4
sihh,PROPN,1
1dr,NOUN,1
tanganin,PROPN,1
luvv,PROPN,1
bangett,NOUN,2
super,PROPN,2
sempit,ADJ,2
hub,NOUN,2
csnya,PROPN,1
edukasinya,NUM,1
maf,NUM,1
suntik,NOUN,3
kb,NOUN,1
mulai,ADP,3
november,NOUN,1
2023,NUM,1
kpn,NOUN,1
55rb,PROPN,3
lira,PROPN,1
karawang,PROPN,1
kwintasi,PROPN,1
terpisah,ADJ,1
anehnya,VERB,1
pemberitahuan,NOUN,1
insya,NOUN,1
jawaban2nya,NUM,1
makash,PROPN,1
tindakn,NOUN,1
berikut,ADP,1
maag,NOUN,1
kronis,NOUN,1
ulasanya,PROPN,1
menyukai,VERB,1
apli,NOUN,1
james,PROPN,1
ramahgod,ADJ,1
bless,PROPN,1
ramahhh,PROPN,1
penjelasa,PROPN,1
keburuhang,NOUN,1
nutup,VERB,1
pasienny,PROPN,1
sepuasnya,VERB,1
bagua,PROPN,1
tnpa,PROPN,1
data2,NOUN,1
lha,NOUN,1
maksutnya,NOUN,1
po,NOUN,1
menghadapi,VERB,2
arahkan,NOUN,1
doketr,NOUN,1
ekspektasi,NOUN,1
dikatakan,VERB,1
chikungynya,NOUN,1
doktr,PROPN,2
doktersaya,PROPN,2
oprasi,NOUN,1
usus,NOUN,1
buntu,NOUN,1
40,NUM,1
lalukondisi,VERB,1
membaiktapi,VERB,1
ki,NOUN,1
bawahkenapa,NOUN,1
pelayananarespon,PROPN,1
an3h,PROPN,1
setelan,PROPN,1
gboard,NOUN,1
ganti2,PROPN,1
sendi4i,PROPN,1
tulisanya,PROPN,1
benar2,VERB,3
gimna,NUM,3
kedokter,NOUN,4
ditolak,VERB,3
295000,PROPN,1
gopayovoternyata,NUM,1
714,NUM,1
kerjaini,NUM,1
keaplikasi,NOUN,1
juta,NUM,2
berapa,DET,1
putar2,VERB,1
klien,NOUN,1
rf,PROPN,2
apresiasi,NOUN,1
penuh,ADJ,3
kinerja,NOUN,1
1x24,NUM,3
disana,ADV,2
sorry,PROPN,1
information,NOUN,2
dng,NOUN,2
hernia,NOUN,1
amoxilin,NOUN,1
bencolan,PROPN,1
dikit,PROPN,1
pd,NOUN,2
kemaluan,NOUN,1
sembuhgak,VERB,1
quick,PROPN,2
okll,PROPN,1
baikramah,NUM,1
sedia,VERB,1
manjur,VERB,4
lindungan,NOUN,1
yesus,PROPN,1
kristus,PROPN,1
jh,PROPN,1
besssttt,NUM,1
baikramahjawaban,PROPN,1
mgrti,NUM,1
mesin,NOUN,1
lwamaaaa,VERB,1
bgtttt,NUM,1
dokternyasampe,NUM,1
21,NUM,1
jos,PROPN,2
malamanak,NOUN,1
membantudan,ADJ,1
kenal,VERB,1
ceapt,NUM,1
berulang,ADV,1
terkontaminasi,VERB,1
bukti,NOUN,1
ktnya,NUM,1
mnt,NOUN,1
bgttp,NOUN,1
goggle,PROPN,1
kirimkecewa,NOUN,1
‚Åπ,NUM,2
4s,PROPN,1
8q,PROPN,1
hy6,PROPN,1
trt,PROPN,1
fitri,PROPN,1
ramahsemoga,VERB,1
swtulus,NOUN,1
kondultasi,PROPN,1
biasanya,ADV,2
pejelasannya,PROPN,1
gimanaudah,NUM,1
sekian,NOUN,1
berulang2,ADJ,1
mnjelaskan,NOUN,1
mlas,PROPN,1
mksih,PROPN,1
pilihannya,NOUN,1
ngejelasinnya,VERB,1
baterai,NOUN,1
lowbat,NOUN,1
astagaaa,NUM,1
buk,NOUN,1
sangattt,PROPN,2
aplikasikan,VERB,1
terkena,VERB,2
ekonomi,NOUN,3
menengah,NOUN,1
pikir,VERB,4
model,NOUN,1
diterapkan,VERB,1
4050rb,NUM,1
pertanyaanpertanyaannya,NUM,1
terjepit,VERB,3
kasik,NUM,1
tadinya,VERB,4
runut,NOUN,1
br,PROPN,3
donwload,NOUN,3
menginstal,VERB,2
persen,NOUN,1
komunitasforum,NUM,1
pertayaan,PROPN,1
komunitas,NOUN,1
forum,NOUN,1
chatbayar,NUM,1
trimksh,PROPN,1
vaksin,NOUN,3
dosis,NOUN,5
bareng,NOUN,1
desa,NOUN,1
banya,NOUN,1
diperiksa,VERB,1
bagusdokternya,VERB,1
terperinci,ADJ,1
dalami,NUM,1
brrti,NOUN,1
butuhnya,NOUN,1
week,PROPN,1
pertolongan,NOUN,5
kedepannya,VERB,1
menjadikan,VERB,1
overthingking,PROPN,2
pengikut,NOUN,1
tlp,PROPN,1
mks,PROPN,1
menjelaskannya,VERB,1
maps,PROPN,1
bekerjasama,VERB,1
yaharus,PROPN,1
yasoalnya,NOUN,1
smart,NOUN,2
yuk,NOUN,1
errornya,NUM,1
ditungguin,VERB,1
aje,NOUN,1
btvr,PROPN,1
vg,PROPN,1
r,PROPN,4
vvv,PROPN,1
vrv,PROPN,1
dd,PROPN,1
td,NOUN,2
fcrcccvr,NUM,1
ggtttttbttgtvftgff,PROPN,1
ff,PROPN,5
f,PROPN,11
fv,PROPN,1
fff,PROPN,2
fc,PUNCT,1
be,NOUN,2
ct,PROPN,1
nn,PROPN,1
ehhh,PROPN,2
rct,PROPN,1
tr,PROPN,1
rrv,PROPN,1
bbbvvffrvrvfvggtg,PROPN,1
trauma,NOUN,1
komersil,NOUN,1
kopet,NUM,1
blass,NUM,1
dokterdst,NOUN,1
doker,NOUN,1
diaplikasi,NOUN,1
laku,NOUN,1
paga,PROPN,1
lupa,VERB,2
insulin,NOUN,1
orang2,NOUN,3
okey,PROPN,2
pesannya,NOUN,1
sempet,VERB,1
slmt,PROPN,1
gatal,ADJ,4
kucek,PROPN,1
kabut,NOUN,1
baikkk,PROPN,2
gapernah,VERB,2
bbrp,NUM,2
3th,PROPN,1
saldoku,NOUN,1
dataku,VERB,1
kutahu,VERB,1
halodok,NUM,2
pink,VERB,1
2hari,PROPN,1
gangerti,NUM,1
kesel,NOUN,5
gaakan,NUM,1
uangku,PROPN,1
ilang,PROPN,2
40rb,NOUN,1
thn,PROPN,1
strok,PROPN,1
baal,NOUN,1
tangan,NOUN,6
urat,NOUN,1
ketiak,NOUN,1
tegang,NOUN,1
lau,NOUN,1
jalan,NOUN,3
penyembuhan,NOUN,1
obat2an,NOUN,1
simpel,PROPN,2
perbanyak,PROPN,1
terinci,VERB,1
penjelsan,PROPN,1
yrimaksih,NOUN,1
bngsat,NUM,1
ed,PROPN,1
sheeran,PROPN,1
lego,PROPN,1
rt,PROPN,1
dz,NUM,1
aakun,NOUN,1
tahap,NOUN,1
gmail,NOUN,1
mantappp,PROPN,1
unduh,NOUN,1
teransfer,NOUN,1
respos,NOUN,1
harua,NUM,1
belanja,NOUN,1
alodoktercpt,NUM,1
garcep,NUM,1
goodd,PROPN,3
diriku,NOUN,1
nnya,PROPN,1
tgguin,PROPN,1
gaa,PROPN,1
blas2,NUM,1
sanggat,PROPN,2
syaa,NOUN,1
allahdokter,PROPN,1
sekalijazaakillah,NOUN,1
khair,PROPN,1
doktersehat,PROPN,1
permaslahan,NOUN,1
diskusi,NOUN,2
eror,NOUN,4
yaallah,PROPN,1
dengerin,NOUN,1
dilema,NOUN,1
anaksehat,NOUN,1
ket,NOUN,2
turunin,PROPN,1
ah,PROPN,1
hantem,VERB,1
maksa,VERB,1
end,VERB,1
barulah,ADV,1
dosisnya,NOUN,1
tertera,VERB,2
whatsapp,NOUN,2
40rebu,NOUN,1
umumnya,ADV,2
telaten,PROPN,3
bangeet,NOUN,1
hingga,ADP,2
penjelasnnya,NUM,1
pokonyaaaa,NUM,1
sippp,PROPN,1
antara,ADP,1
klaten,NOUN,1
semarang,PROPN,1
cepatjelas,NUM,1
syg,NUM,1
msh,NOUN,2
cepatdokternya,NOUN,1
penjelasaany,NOUN,1
nyaga,NOUN,1
asik,PROPN,2
nyakaku,NUM,1
sore,NOUN,1
kakinya,NOUN,2
basah,ADJ,1
berkeringat,NOUN,1
berlebih,NOUN,1
tanda,NOUN,1
khawatir,ADV,2
takutnyarespon,NUM,1
duitnya,NOUN,1
ditahan,VERB,1
lapor,NOUN,2
mendetail,VERB,1
yatidak,NOUN,2
box,NOUN,1
penerangan,NOUN,1
inidikasih,NUM,1
belitp,PROPN,1
tahan,VERB,1
autoimun,NOUN,1
miliya,NOUN,3
adakah,VERB,1
apalg,NOUN,1
lepas,NOUN,1
sarapan,NOUN,1
mak,NOUN,1
nasi,NOUN,1
goreng,PROPN,1
sisa,NOUN,3
siang,NOUN,3
magrib,NOUN,1
mual,VERB,3
muntah,VERB,2
diatas,ADP,2
pusar,NOUN,2
agat,PROPN,1
pusing,NOUN,2
20th,PROPN,1
verifikasinya,NUM,2
daftarnya,NOUN,1
harini,NOUN,1
lainorang,VERB,1
k,NOUN,2
malahan,NOUN,1
kualitas,NOUN,1
mnrt,NUM,1
sok,NOUN,1
tsb,NOUN,2
bagusssss,NOUN,1
jaringan,NOUN,2
digitalisasi,NOUN,1
niar,PROPN,1
better,NOUN,1
tetangga,NOUN,3
rekomendasiin,PROPN,1
ngebatalin,NUM,1
kasihan,NOUN,1
syariah,ADJ,1
nanyaini,VERB,1
yaaakok,NUM,1
aplikasinua,NUM,1
buu,PROPN,1
juniarr,PROPN,1
responpesan,NOUN,1
aloproteksi,NOUN,2
akhir2,NUM,1
marketingnya,NOUN,1
ttp,PROPN,3
haduuuuh,VERB,1
spelsnya,NOUN,1
psikologi,NOUN,1
cum,PROPN,1
gotu,NOUN,1
bisabisa,NUM,1
ikuti,VERB,1
terdaftar,VERB,1
proteksi,NOUN,2
utama,ADJ,1
2019,NUM,2
pemberitahun,NUM,1
keanggotaan,NOUN,1
berpotensi,VERB,1
dibalas2,NOUN,1
dei,PROPN,1
mestinya,ADV,2
gesit,VERB,1
huhuhuhu,NOUN,1
kenyataannya,NOUN,1
tugingo,NOUN,1
hasilnya,NOUN,2
mulsi,VERB,1
sakitnya,NOUN,1
kencingpertama,NOUN,1
berbusa,VERB,2
kencing,ADJ,1
berikutnya,ADJ,1
busanya,VERB,1
bekerja,VERB,2
ginjsl,NOUN,1
sigap,NOUN,1
orangorang,NOUN,2
menjalani,VERB,1
barakallahu,NOUN,2
fiik,NUM,1
megalami,VERB,1
kalium,NOUN,1
renda,NOUN,1
gimanaya,NUM,1
gobatinnya,NOUN,1
makasi,NUM,1
mengecek,VERB,2
dl,NOUN,1
klu,NUM,5
kash,PROPN,1
bintang5,PROPN,1
fikubilinsdh,NOUN,1
dripda,NOUN,1
arah,NOUN,3
lngsung,PROPN,2
petunjuk,NOUN,1
lwt,PROPN,1
pesbuk,PROPN,1
ditambah,VERB,5
riweuh,NOUN,1
tau2,PROPN,1
mya,NUM,1
muaskan,NUM,1
plus,X,1
dengantidak,NOUN,1
diperlukannya,VERB,1
0,NUM,1
rupiah,NOUN,1
melebihi,VERB,2
15k,NOUN,1
memuat,VERB,1
contohnya,ADJ,1
membuka,VERB,1
inbox,NOUN,1
mengeceklacak,VERB,1
laman,NOUN,1
mengalami,VERB,3
lagging,NOUN,1
menitmenit,NUM,1
yatapi,NOUN,1
mnuunggu,NOUN,1
mmnbantu,NUM,1
sehari,ADJ,1
kesemutan,NOUN,1
diskon,NOUN,2
berlanganan,NOUN,1
apus,NOUN,2
massa,NOUN,1
saldo,NOUN,12
ketrik,NUM,1
non,ADJ,1
aktivin,NOUN,1
menyedot,VERB,1
mbking,NOUN,1
platform,NOUN,1
alternatif,ADJ,1
nikmat,NOUN,1
diwaktu,NOUN,1
sedap,PROPN,1
lamachat,VERB,1
konsultasitolong,VERB,1
ketiganya,NOUN,1
berkisar,VERB,1
niatan,NOUN,1
mengapa,ADV,3
menggali,VERB,1
membantuudokter,VERB,1
10ribu,NOUN,1
gratispokoknya,PROPN,1
input,NOUN,2
option,NOUN,1
buatnya,NOUN,1
perintah,NOUN,1
selanjutnya,ADV,2
ulaaaaaang,NOUN,1
ngapain,PROPN,1
kirim2,PROPN,1
kelar2,NOUN,1
1jam,NOUN,1
bagusdan,PROPN,2
oembelian,NUM,1
mlhan,NOUN,1
kau,PROPN,1
mengontrol,VERB,1
trrhubung,NOUN,1
guysss,NUM,1
45k,NOUN,2
link,NOUN,1
isoman,NUM,1
24jam,NOUN,3
telemedisin,NUM,1
laebih,PROPN,1
satset,NOUN,1
kerjanya,NOUN,1
membntu,ADJ,1
dianggap,VERB,1
dikenai,VERB,1
silahkan,PROPN,1
woy,NOUN,1
tu,NOUN,2
rekomend,VERB,1
product,NOUN,1
ditangain,PROPN,1
drriki,PROPN,1
nofiandi,PROPN,1
merespin,NUM,1
saangat,PROPN,1
depannya,NOUN,1
terbitkan,NOUN,1
kedepan,NOUN,1
minimal,ADJ,1
sebaik,VERB,2
dokter2nya,NOUN,2
cemas,VERB,1
dulukalo,NUM,1
tambahin,VERB,1
belajar,VERB,2
operator,NOUN,1
woooy,PROPN,1
bgstt,PROPN,1
penipuuuu,PROPN,1
konsultasiii,VERB,1
istri,NOUN,2
marah,VERB,2
ngidam,NOUN,1
serabinya,PROPN,1
mmbntu,VERB,1
lgs,PROPN,1
jooz,NOUN,1
babi,NOUN,1
ujungujungnya,NOUN,1
memahami,VERB,1
tetng,NOUN,1
sangatlah,ADV,2
ditengah,ADP,1
proposional,PROPN,1
banggettt,NUM,1
ngatasi,NOUN,1
gc,NOUN,1
mantapmemudahkan,PROPN,1
betul,ADJ,1
alhamdulilllah,PROPN,1
membahas,VERB,1
hamdanah,NOUN,1
kucing,NOUN,1
spkj,NUM,1
aladokter,PROPN,1
adain,NOUN,1
nyusun,NOUN,1
berasa,VERB,2
hai,X,1
chat2,PROPN,1
dsuruh,PROPN,1
kalu,NOUN,1
jalanin,NOUN,1
memecahkan,VERB,1
mendapati,VERB,1
actualterimakasih,VERB,1
balikib,NOUN,1
by,PROPN,1
ybs,PRON,1
bertele2,ADJ,1
indikasi,NOUN,1
trhdp,NOUN,1
obat2,NOUN,1
penyakitnya,NOUN,2
berurusan,VERB,1
selektif,ADJ,1
komposisi,NOUN,1
komputerkarena,NUM,1
komputer,NOUN,1
repot,NOUN,4
jngn,PROPN,1
dsni,NOUN,1
dipilihin,VERB,1
jdix,NUM,1
superrr,NOUN,1
duperrr,NOUN,1
yes,PROPN,1
ill,NOUN,1
try,PROPN,1
consult,NOUN,2
later,PROPN,1
if,PROPN,1
have,NOUN,3
any,NOUN,2
complaints,NOUN,1
bermutu,NOUN,1
menjaga,VERB,2
trimakasi,PROPN,1
sebaiknya,X,1
tuntas,NOUN,1
ditujukan,VERB,1
berduit,NOUN,1
berdoa,VERB,1
sakit2an,VERB,1
alodoktersaya,PROPN,1
diabetestangan,NOUN,1
menggengam,VERB,1
sakitpadahal,NOUN,1
mengkonsumsi,VERB,1
pencair,NOUN,1
vit,NOUN,1
b,PROPN,1
simvasvatinkok,NOUN,1
sembuhmksih,VERB,1
padhl,NOUN,2
sms,NOUN,3
jaga,VERB,1
tahuan,NOUN,1
biduransdh,NOUN,1
minim,NOUN,1
sembuhmohon,VERB,1
tips,VERB,1
smngt,VERB,1
mengirim,VERB,1
ekspedisi,NOUN,2
kelewat,VERB,1
anterja,NUM,1
1x,VERB,2
tableb,NUM,1
neosep,PROPN,1
memasukan,VERB,2
tulisannya,PROPN,2
ktanya,PROPN,1
bles,NOUN,2
abisin,NUM,1
skrng,NUM,2
bels,NOUN,1
jels,NOUN,1
kegelisahan,NOUN,1
pribadiku,NOUN,1
seenggaknya,PROPN,1
ngawang,NOUN,2
hebat,PROPN,2
aldio,PROPN,1
rais,PROPN,1
mony,PROPN,1
drsiti,PROPN,1
basic,VERB,1
pulasa,NOUN,1
min,PROPN,2
keras,ADJ,2
nyawa,NOUN,1
taruhan,NOUN,1
dajjal,NOUN,1
lngganan,VERB,1
sruh,NOUN,1
tembok,NOUN,1
bukanya,NOUN,1
memvantu,NOUN,1
mlah,PROPN,1
menyekek,NUM,1
kya,PROPN,1
rentenir,NOUN,1
membantuu,ADJ,1
nipu,NOUN,1
padhal,PROPN,1
duluan,ADP,2
manaahal,NUM,1
pulak,NUM,2
trsu,NOUN,1
dokterdokter,NOUN,1
kesempatan,NOUN,1
dokterrumah,PROPN,1
selesaikan,NOUN,1
inisih,NOUN,1
kebutuhan,NOUN,1
shopee,NUM,1
pening,VERB,1
diikuti,VERB,1
demamsaya,NUM,1
panadol,NOUN,1
500mg,PROPN,1
dibagi,VERB,1
azitromicyn,NUM,1
250,NUM,1
mgefeknya,NUM,1
menyedihkan,PROPN,1
speaialis,NOUN,1
mengganggu,VERB,1
saling,ADV,1
diderita,VERB,2
mendatangi,VERB,1
difoto,NOUN,1
dianjurkan,VERB,1
fisiotererafi,NOUN,1
tongkat,NOUN,1
jatuh,VERB,1
kuat,ADJ,1
berdiri,VERB,1
mengangkat,VERB,1
penyebab,NOUN,1
memuasakan,NUM,1
ngeload,VERB,2
lancarmasih,NOUN,1
kayanya,NOUN,1
memuaskab,NUM,1
apotikny,NOUN,1
gawat,NOUN,2
hadehhhhh,NOUN,1
rewel,PROPN,1
konsultasikan,NOUN,1
dokmau,NUM,1
konsultasipenyakit,NUM,1
deritaperut,ADV,1
penuhdan,NOUN,1
disertai,VERB,1
bodoh,ADJ,2
mental,NOUN,3
dipersulit,VERB,2
axa,PROPN,1
mendaftar,VERB,1
dibikin,VERB,1
stress,NOUN,1
lucu,ADJ,1
terdesak,VERB,1
nyasemoga,NOUN,1
introvert,NUM,1
pencegahan,NOUN,1
dimohonkan,VERB,1
risih,VERB,1
wow,NOUN,2
mantapsss,PROPN,1
cacat,NOUN,1
tracking,NOUN,1
menu,NOUN,1
igd,PROPN,1
klw,PROPN,1
tmbah,NOUN,1
wbagusbramah,PROPN,1
gooodddd,PROPN,1
7tahun,NOUN,1
dokpernah,NUM,1
mulutnya,NOUN,1
bawa,NOUN,2
panasnya,NOUN,1
kelur,VERB,1
badanya,NOUN,1
bercak,NOUN,1
ad,VERB,2
qukasi,NOUN,1
mandibbrp,PROPN,1
kmbali,VERB,1
qubwa,NOUN,2
lgpas,PROPN,1
hangat,NOUN,1
badannya,NOUN,2
tanganya,NOUN,1
sprt,PROPN,1
terkelupas,PROPN,1
puskesmas,NOUN,1
angat,NUM,1
dikasi,NOUN,3
anti,NOUN,1
biotik,NOUN,1
msih,NOUN,1
memerlukan,VERB,1
padatjelas,NUM,1
biat,NOUN,1
ngasi,PROPN,1
stuk,PROPN,1
terkendala,VERB,1
kesibukan,NOUN,1
sebagainya,NOUN,1
langusng,NOUN,1
maap,NOUN,1
komen,VERB,1
ternyat,NOUN,1
tertipu,VERB,1
bayargmn,VERB,1
tanggapannya,NOUN,2
manbantu,ADJ,1
pendebitan,NOUN,2
rutin,VERB,1
29rb,NUM,1
dialoshop,NUM,1
gosend,NUM,2
driver,NOUN,3
kesalkan,VERB,1
apupun,NOUN,1
maupun,CONJ,1
mengirimkan,VERB,1
mengisi,VERB,1
form,NOUN,1
terlampir,NOUN,1
pencairan,NOUN,1
diterterakan,NUM,1
dicari,VERB,1
dikonfirmasi,VERB,1
pertimbangan,NOUN,1
tiga,NUM,1
appsnya,NOUN,1
mikkum,PROPN,1
pelapor,NOUN,1
kala,NOUN,2
disediakanbiar,NOUN,1
mlm2,NOUN,1
hahahakurang,NOUN,1
hahaha,PROPN,1
psikiater,NOUN,1
menjawabnya,VERB,1
sangata,NOUN,1
diresponnya,NUM,1
manusia,NOUN,2
ky,PROPN,1
serius,ADJ,1
baij,PROPN,1
ragu,ADJ,1
kepa,NOUN,1
blsnya,PROPN,1
slesai,PROPN,1
taiii,PROPN,1
harussssss,NOUN,1
kartu,NOUN,1
daftarkan,VERB,2
petunjuknya,NOUN,1
terdapat,VERB,1
chattingnya,NOUN,1
gapapa,PROPN,1
room,NOUN,3
memberatkan,VERB,1
chtan,NOUN,1
scroll,VERB,3
developernya,NUM,1
update,NOUN,5
yyyyyjuuf,PROPN,1
uu,NOUN,1
dsieex,NOUN,1
tanggapi,PROPN,2
datangnya,NOUN,1
anaknya,NOUN,2
andai,NOUN,1
diburu,VERB,1
bagis,PROPN,1
shiva,NOUN,1
malem,NOUN,1
disudahi,PROPN,1
sekalibwt,NOUN,1
sydan,NOUN,1
tibasuka,VERB,1
dsbbisa,NOUN,1
apl,NOUN,2
initerimakasihsangat,PROPN,1
puasdokternya,NOUN,1
penanganannya,NOUN,2
pokoknyaa,NOUN,1
woii,NOUN,1
deket,PROPN,1
pakr,VERB,1
ojol,PROPN,1
padahalburuk,NOUN,1
aplikasisaran,NOUN,1
nyaaobat,NOUN,1
sekaliii,PROPN,1
mangkal,VERB,1
ready,NOUN,1
intalasi,PROPN,1
sebut,VERB,1
instalasi,NOUN,1
bugnya,NUM,1
merasakan,VERB,1
kakiapa,NOUN,1
neo,NOUN,1
reumacil,NOUN,1
myembuhkanya,VERB,1
diupdate,VERB,3
berkali2,NOUN,2
dikembangkan,VERB,1
berpengalaman,VERB,1
sangaaat,PROPN,1
perikasain,PROPN,1
muhammadiyah,PROPN,1
bokingnya,PROPN,1
tertulis,ADJ,2
34rb,NOUN,1
kasir,PROPN,2
50rb,PROPN,2
dpanggil,VERB,1
boking,VERB,3
130rb,NOUN,1
selisihnya,PROPN,1
kaum,NOUN,1
mendang,ADJ,1
lwat,PROPN,1
14hari,NOUN,2
reapon,PROPN,1
hipertiroid,NOUN,1
natriumkaliumdan,NOUN,1
clorida,NOUN,1
normal,ADJ,2
laboratorium,ADJ,1
anggap,VERB,1
gajadi,NOUN,1
kandung,VERB,2
kemih,NOUN,2
spt,NOUN,1
dipipiskan,PROPN,1
keruh,NOUN,1
urin,NOUN,1
albumin,VERB,1
reduksi,NOUN,1
negatif,ADJ,5
biliribin,NUM,1
urobilin,NOUN,1
begatif,PROPN,1
erytrosir,PROPN,1
leukosit,NOUN,1
epythel,NUM,1
kristal,NOUN,1
silinder,NOUN,1
lainlain,NOUN,1
artinya,NOUN,1
urinalisa,NOUN,1
dmkn,VERB,1
can,PROPN,3
imagine,NOUN,2
queing,PROPN,1
visit,PROPN,1
asd,NOUN,1
adhd,NOUN,1
son,NOUN,1
this,PROPN,1
is,PROPN,1
helping,NOUN,2
way,PROPN,2
that,PROPN,1
proper,NOUN,1
without,NOUN,1
worrying,NOUN,1
other,PROPN,1
patient,NOUN,1
feels,PROPN,1
like,PROPN,1
but,NOUN,1
lots,NOUN,1
more,NOUN,1
cheaper,NOUN,1
than,NOUN,1
going,PROPN,1
alodoc,NOUN,1
really,NOUN,1
me,PROPN,1
with,VERB,2
limitation,NUM,1
ikutan,PROPN,1
profil,NOUN,1
lahir,VERB,1
kelamin,NOUN,1
okeyy,PROPN,1
marketing,NOUN,1
obatan,NOUN,1
lambung,NOUN,1
gejalagejala,NOUN,1
sebutkan,VERB,1
diberikannya,VERB,1
ulu,PROPN,1
kembung,NOUN,1
disinisaya,NUM,1
berkunjung,VERB,1
tenaga,NOUN,1
woiiii,NOUN,1
enakan,NOUN,2
otamatis,NUM,1
haram,NOUN,1
yaaakata,PROPN,1
salesnya,NOUN,1
gprnh,NUM,1
didebit,NOUN,1
laporin,VERB,2
polisi,NOUN,1
ditangkap,VERB,1
kebohongan,NOUN,1
dipercayaini,VERB,1
pembohongngerjain,NUM,1
sajadr,PROPN,1
notabene,VERB,2
berkarakter,VERB,1
jugamenyesal,NOUN,1
mengunakan,VERB,1
initolong,NOUN,1
autodebet,NUM,1
alpikasi,NOUN,1
mambatu,NOUN,1
kuliah,NOUN,1
gni,NUM,1
konsepnya,NOUN,1
ataau,PROPN,1
sekelaa,PROPN,1
sinyal,NOUN,2
pulsa,NOUN,1
pendo,PROPN,1
dadakanbisa,NOUN,1
obaty,PROPN,1
semuany,NUM,1
cabut,VERB,1
2014,NUM,1
gusi,NOUN,2
semenjak,ADP,1
rebahan,VERB,1
meaki,PROPN,1
al,NOUN,1
lagi2,NOUN,1
busuk,NOUN,1
reponnya,NOUN,1
bales2,NOUN,1
josss,NUM,1
mulanya,PROPN,1
leluasa,ADJ,1
berkeluh,NOUN,1
kembang,NOUN,1
kesan,NOUN,1
300karakter,NOUN,1
under,NOUN,1
ketentuan,NOUN,1
both,NOUN,1
bah,PROPN,1
mantapp,PROPN,1
kgk,NOUN,2
kagk,NOUN,1
verif,NOUN,1
confirmnya,NOUN,1
berbayarnya,VERB,1
terpotong,VERB,1
bisanya,VERB,1
motong,VERB,2
healthy,PROPN,1
care,NOUN,1
melihat,VERB,1
rontgen,NOUN,1
satsetsatset,NOUN,1
sesuaipadahal,VERB,1
dehh,NOUN,1
jelkkk,NUM,1
lan,PROPN,1
solutip,NUM,1
diandalkan,VERB,1
sungkem,NOUN,1
gratisnya,PROPN,1
tap,PROPN,1
konsultaai,VERB,1
berkomunikasi,VERB,1
dngn,VERB,1
seklinya,PROPN,1
ngerespon,NOUN,1
berbyar,NUM,1
mnit,NUM,1
pembantu,NOUN,1
beraksi,VERB,1
dimatikan,VERB,1
jelasin,NOUN,1
umumdr,NOUN,1
alni,NUM,1
lbh,NOUN,1
ngejebak,NUM,1
zonk,PROPN,1
bnr,NOUN,2
pl,PROPN,1
relogin,PROPN,1
ditelusur,VERB,1
premium,VERB,1
time,NOUN,1
semangkin,PROPN,1
malammalam,NOUN,1
okelah,NOUN,3
janganlah,NOUN,1
ikut,VERB,1
asuransinya,ADJ,1
debet,PROPN,1
otomattis,PROPN,1
contac,PROPN,1
person,NOUN,1
dihubungi,VERB,1
parahhh,NUM,1
abs,PROPN,1
erorrr,NOUN,1
ngehang,NUM,1
sangatsangat,PROPN,1
prakteknya,NOUN,1
alangkah,NOUN,1
sj,PROPN,2
nti,NOUN,1
kyak,VERB,1
laen,NOUN,1
tb,NOUN,2
rekeningnya,NUM,1
meski,CONJ,1
dihapus,VERB,1
karan,PROPN,1
yak,VERB,1
kocak,NOUN,1
premiumnya,NUM,1
2019ada,NUM,1
dpkter,PROPN,1
pribadibisa,PROPN,1
pasienmudah,NUM,1
pelosok,NOUN,1
internetbanyak,NUM,1
spesialisdokternya,NOUN,1
manjurrecomended,NOUN,1
bangettks,PROPN,1
tarif,NOUN,1
berdahak,NUM,1
demikian,ADV,1
simple,ADJ,1
mantaaaap,NOUN,1
motongin,PROPN,2
berwajib,NOUN,1
apalikasi,NOUN,1
viralkan,VERB,1
kptg,PROPN,1
slma,NOUN,1
46menit,NUM,1
prckapan,NOUN,1
prckpan,VERB,1
otomts,PROPN,1
macem,PROPN,1
duittt,NUM,1
nyeselll,NOUN,1
meresponn,NUM,1
akun,NOUN,3
nmor,NOUN,1
susahnya,NOUN,1
ampun,NOUN,2
kacau,NOUN,4
siapapun,NOUN,1
berinteraksi,VERB,1
der,PUNCT,1
operasi,NOUN,2
lakang,NUM,1
sarap,PROPN,1
endoscopy,NOUN,1
teri,NOUN,1
cekatan,VERB,1
7hari,NOUN,1
mrngecewakan,NOUN,1
lambatpket,VERB,1
nyasar,VERB,2
jkartasudah,PROPN,1
sukabumi,PROPN,1
blik,VERB,1
kerennnn,PROPN,1
membanturamah,ADJ,1
fresh,VERB,1
graduate,NOUN,1
junior,ADJ,1
pernh,NOUN,1
excellent,PROPN,1
berbayarrpadahal,VERB,1
abaykan,NOUN,1
perhatiakan,PROPN,1
ngilang,NUM,1
alodoktertq,PROPN,1
spam,NOUN,1
penggunanya,NOUN,1
botmesin,PROPN,1
pingin,PROPN,1
hamilan,PROPN,1
kerjasama,VERB,1
gojek,NOUN,3
lsg,PROPN,1
kebiasaan,NOUN,1
sampai2,NOUN,1
goshop,PROPN,1
parno,NOUN,1
apasih,NOUN,1
pemberentian,NUM,1
kaget,NOUN,1
sebanyak,ADP,1
kerongsen,NOUN,1
terkadang,NOUN,1
pergi,VERB,1
halada,NOUN,1
meringankan,VERB,1
setulus,NOUN,1
bocor,ADJ,1
mengatas,PROPN,1
namakan,PROPN,1
jiwa,NOUN,1
kerasa,NOUN,1
sesar,NOUN,1
jaitan,NOUN,1
respone,NOUN,1
30menit,NUM,1
dipake,VERB,2
shittt,PROPN,1
waktujam2,NUM,1
panjang2,PROPN,1
baikmembantu,PROPN,1
harapkan,VERB,1
jadikan,VERB,1
sumber,NOUN,1
sampingan,ADJ,1
berbayarsuruh,NOUN,1
terhubung,VERB,1
hee,NOUN,2
pickup,NOUN,1
kurirnya,NOUN,1
putuskan,NOUN,1
kerjasamanya,VERB,1
drhans,PROPN,1
nathanael,PROPN,1
bnr2,PROPN,1
ibu2,NOUN,1
aq,NOUN,1
ngurangin,NOUN,1
crome,PROPN,1
capek2,PROPN,1
24menittapi,NOUN,1
konsuotasi,VERB,1
tersedot,VERB,1
rasakan,VERB,1
kepepet,NUM,1
siii,NOUN,1
semisal,NOUN,1
posisi,NOUN,1
yaini,NOUN,1
setuju,VERB,1
berlangganansetiap,NUM,1
potongtolong,NOUN,1
itikad,NOUN,1
seru,ADJ,1
diajak,VERB,1
napa,PROPN,1
lakuin,NOUN,1
manfap,NOUN,1
nasib2,NOUN,1
mencerdaskan,VERB,1
copy,NOUN,1
pastejadi,NOUN,1
memuaskanmohon,NOUN,1
booting,NOUN,1
caranyaaa,NOUN,1
versi,NOUN,1
ponsel,NOUN,1
mendukung,VERB,1
bangke,NOUN,1
memeper,NUM,1
upsssss,VERB,1
upsss,NUM,1
oligarki,NOUN,1
ditunjukan,VERB,1
toll,NOUN,1
baiksetiap,NOUN,1
kesal,NOUN,1
falit,VERB,1
bnaget,NUM,1
kluae,VERB,1
koneksi,NOUN,1
mao,PROPN,1
850045000,NOUN,1
le,PROPN,1
custumer,NOUN,1
servicenya,NUM,1
menggagalkan,VERB,1
paarahh,NUM,1
merchant,NOUN,1
anjir,PROPN,1
korupsi,NOUN,1
tanghap,NUM,1
note,NOUN,1
1500,NUM,1
esok,NOUN,2
up,NOUN,1
lgsung,NOUN,1
2021,NUM,1
ngapus,NOUN,1
rekam,NOUN,4
trdekat,PROPN,1
putus,NOUN,1
memeras,VERB,1
menutupnya,VERB,1
pencuri,NOUN,1
detaile,NOUN,1
mwmbantu,PROPN,1
terimasih,NOUN,1
tagihan,NOUN,1
tambahan,NOUN,2
reservasi,NOUN,1
murh,VERB,1
8500,NUM,4
medisnya,NOUN,1
sehabis,VERB,1
dideteksi,VERB,1
tuk,NOUN,1
lagimendingan,NOUN,1
taik,NOUN,1
dowload,VERB,1
gaes,PROPN,2
bagustapi,NOUN,1
obatbukan,NUM,1
main2,PROPN,1
kelarifikasi,PROPN,1
wkwk,PROPN,1
cak,VERB,1
byr,VERB,1
suda,NOUN,1
matre,PROPN,1
kouta,VERB,1
promo,NOUN,1
guud,PROPN,1
kayaknya,NOUN,1
asrainiibu,PROPN,1
mengikuti,VERB,1
mantu,PROPN,1
stelah,NUM,1
brobat,NOUN,2
mendadak,VERB,1
atur,VERB,1
da,PROPN,1
uduk,PROPN,1
shopepay,NUM,1
digunain,VERB,1
iyaa,PROPN,1
pertannyaan,NOUN,1
segini,PROPN,1
pakaidokternya,NOUN,1
hps,VERB,1
serasa,VERB,1
chtnya,NUM,1
keluar2,NOUN,1
semalam,NOUN,1
trf,NOUN,2
bca,PROPN,1
sayq,PROPN,1
2201,NUM,1
0525,NUM,1
sepenuhnya,ADV,1
bermamafat,ADJ,1
dam,NOUN,1
kasian,NOUN,2
mikir,ADJ,1
amal,NOUN,2
sesama,NOUN,1
sebuah,DET,1
keuntungan,NOUN,1
hitung,NOUN,1
gratiss,NUM,1
9thn,NUM,1
ludah,NOUN,1
oles,PROPN,1
oleskn,PROPN,1
huhu,PROPN,1
minusnya,NOUN,1
keadaannya,NOUN,1
gunanya,NOUN,1
percummmaaaa,PROPN,1
berasil,PROPN,1
ngk,PROPN,1
tggu,PROPN,1
2jam,PROPN,1
menggu,PROPN,1
nd,PROPN,1
blas,NOUN,1
chatku,PROPN,2
sekalijelas,NOUN,1
edukasi,NOUN,1
kpd,NOUN,1
lembayaran,NOUN,2
transaksinya,NOUN,1
karen,VERB,1
rbu,NUM,1
mdnding,NOUN,1
ajlah,PROPN,1
price,NOUN,1
mengantri,VERB,1
