content,predicted_label
jos,1
terimakasih dokter ramah dan baik respon juga cepat ,0
tanya jawabnya cepat.. cukup jelas.. terimakasih,0
"sangat membantu dan bagi yang takut ke dokter atau ga bisa pergi ke dokter, bisa konsultasi secara gratis",0
"bagus sih jujur, buat yg bingung klo sakit mau bli obat apa app ini ngebantu bangett",2
sangat membantu disaaat sedang urgent ,0
membantu saya di saat sndrian,0
"cukup baik, setidaknya bisa konsultasi terdahulu sebelum ke dokter spesialis yang ingin di tuju.",0
nice,1
pengiriman obatnya lamaa sekali tdk di proses2 apa harus nunggu org nya mati dulu baru dikirim obatnya ?? tdk ada kejelasan apakah barangnya ready atau ga..mau cancel pun ga bisa juga tolong di tingkatin lagi pengiriman nya..atau gausah adain layanan aloshopnya kalo memang ga sanggup untuk ngirim obatnya..jd cukup kasih resep aja dan pasien beli sendiri di apotek terdekat haduuuuuuhhh ampuuuunnnn,2
sangat bagus,1
ok,1
"helo dok,usia kndungan sy 28mggu kondisi janin 2mgu ini kenceng trs gmn?",2
sangat membantu,0
dokter onlinenya respon lama.. ga bs interaksi lngsng sm dokternya via chat..,0
sangat membantu,0
"dok saya mau tanya mata saya terkena debu,dan debu nya ada di atas kelopak mata saya..dan saya sudah membersihkan mata saya dengan air tidak berhasil..harus gimana ini dok?tolong berikan solusi..saya akan bantu promosi kan aplikasi alodokter kalau di kasi tips nya",2
"harus daftar pakai no hp ya ga bisa pakai email aja, sya di luar negri ga bisa daftar",2
sangat membantu sekali,0
sangat membantu sekali,0
sangat sangat membantu,0
saya setuju dengan ka latifa diah teknik marketing nya mengecewakan kaya kesan nya penipuan masa di telpon... minta data diri no rekenening... harus daftar yg berlangganan,2
"gajelas bgt autodebet, ketarik 39 ribu. penipu katanya harus dikonfirmasi dulu ini ngga ada konfirmasi malah ditarik. jangan mau bantu orang yg mau daftarin kalian alodokter.",2
fast respon. mantap,0
berguna,1
good,0
fast respon sekali. mantap,0
very good..!! mmperoleh analisa en prtimbangan medis dg biaya hemat,0
membantu untuk menjelaskan secara umum,1
kasih 4 dulu,1
yth alodekter tolong dong saya udah bayar untuk chat kedokter nya tapi dokter nya malah offline,1
kakak saya kena dbd...saya cari informasi tentang trombosit yg normal,0
"dok, saya terasa seperti sakit kepala tapi tdk terlalu berat, apa obatnya?",0
saya sangat perlu konsultasi dengan dokter,0
"tolong kepada alodokter di tindak lanjuti ya yang selalu nelpon atas nama alodokter dan mengatakan dapat asuransi 2jt jika terkena dbd, menanyakam rekening yang saya pakai, menanyakan detail ktp. tolong lebih bijak lagi dalam mengelola data kenapa bisa data sampai bocor seperti ini, banyak yang sudah ketipu tapi kalian tidak ada tanggung jawabnya sama sekali. untuk kalian yang mau donwload alodokter tolong dipikir lagi, jgn sampai ketipu seperti yg lain. bad aplikasi dan pengelolaannya !!!!!!",2
"apl ini mdh""n membantu,terima kasih.t erima kasih juga buat sarannya.",0
sangat membantu,0
alhamdulillah berguna banget aplikasinya,1
terima kasih. pelayanan bagus,0
alhamdulillah sangat berguna,1
terima kasih,1
biasa aja,1
manfaat,1
tolong saya mau kluar dari aplikasi.. dan potongan otomatis di atm hentikan,2
sangat membantu,0
lebih mudah,1
masih coba² dlu,1
"sebaiknya artiket dikasih gambar untuk memperjelas sub judul yang diberikan. biar jelas, ngga baca sambil membayangkan.",2
sangat baik,1
bagus,1
baik,1
meskipun alodokter yg gratis cuma dokter umum itu sdh membantu sy utk menangani sakit penyakit yg sy tdk mengerti.tolong tarif masing2x dokter spesialis jngn mahal2x gan.thx gan.,2
"biaya konsultasi naik tapi tingkat pelayanan semakin menurun. waktu tunggu untuk jawaban dokter pada saat konsultasi lebih dari 20 menit. kita yg butuh jawaban sampai bosan menunggunya. padahal kita kan sudah bayar, kalau sekiranya jadwal dokter spesialis tersebut padat atau banyak pasien mohon jgn ditampilkan dipilihan dokter tersedia. jadi kita gak kecewa",2
aplikasi ini sangatt sangatt membantu,1
cepet tanghap,0
bagus,1
salam knl bu/pak dokter,2
sangat bermanfaat,0
the best,1
bbbbaaaagggguuuusssss bangettt,0
baik,1
"alhamdulillah dri apk ini saya mendapatkan info sedikit demi sedikit tentang peyakit saya,, trimakasi bayak",0
sangat membantu,0
sangat mmbantu,0
terimakasih dok atas sarannya dan masukannya semoga bermanfaat,0
ini sangn bagus,1
saya sangat mengapresiasi respon dokter yg dengan cepat menjawab,0
membantu sekali,0
good app,1
baru saja dpt telfon dgn no pribadi mengatas namakan alodokter dengan bilang dpt 2 jt padahal udah ngga pake aplikasi nya masih kena terror telfon terus,2
responnya cepat,0
terimakasih kepada dokter ruth atas penjelasannya dan resep obatnya sangat membantu sekali.,0
sangat membantu menjawab pertanyaan seputar kesehatan,0
i love,1
bagus,1
bagus sih cepat tanggap dokternya @,0
nice,1
sangat membantu,0
aplikasinya bagus dan sangat membantu terimakasih alodokter,0
excellent apps,1
semoga bermanfaat. amin,0
"aplikasi yang sangat bermanfaat di sast skrg, ga harus keluar rumah tapi bisa konsultasi kapanpun dan dimanapun , sungguh sangat membantu !!! makasih alodokter",0
"konsultasi tentang sakit ibu saya kata dokternya kemungkinan terpapar covid sudah diresepkan obat dan sudah di tebus tapi sudah 3 hari statusnya belum di proses trus padahal sudah di bayar, tolong bantuannya ",2
gak bagus untuk digunakan. aplikasi ini hanya ingin memeras uang anda. setelah pembayaran berhasil aplikasi menutupnya!!!! pencuri,2
padahal dokter aktif tapi di chat gak di balas,1
sangt membantu tidak memakan waktu,1
godd,0
sangat membantu,0
membantu sekali,0
saya sangat terbantu bisa bertanya dengan dokter di aplikasi alo dokter setidak nya mengurangi rasa ke khawatiran saya,0
aplikasi yg sangat membantu trimakasih untk resep ny dok,0
ok,1
"hallo dokter, telapak kaki kanan saya menebal, mati rasa, spt dibius, kadang ""sengkring2""spt di tusuk2 jarum,apa minum meloxicam bisa sembuh?1 hari brp kali? apa ini bukan sakit syaraf? sedang meloxicam utk sendi ya? trimakasih sebelumnya",2
terimakasih,1
sangat membantu loh dokter²nya ^^,0
sangat sempurna,1
okee,0
"mon maap yaa bintang satu.. marketing nakal, data dbuat bocor... baca keluhan pemakai.. kalian perbaiki ini. sorry saya gabakal pakai lagi....",2
cukup membantu,0
oke,1
good,0
solusi cepat disaat sakit,0
membantu dlm berkonsultasi terhadap dokter dgn cepat tanpa harus antri,0
"alodokter sangat membantu saya utk konsultasi ttg kesehatan,dokter²nya ramah dan baik,trmaksih alodokter",0
"sangat membantu, minimal kita bisa konsultasi lebih awal.",0
"buat kalian kalo di telpon sama marketing alodok dengan iming2 dapet voucher 2jt (dbd) dan kali di minta alamat, ttl dan nomer rekening, hati2 tanpa kalian tahu itu autodebit, tau2 saldo kalian berkurang.",2
sangat membantu sekali,0
goodd..,0
susah banget buat chat dokter di saat mereka offline. seharusnya app bisa juga ada fitur buat konsultasi ke dokter walaupun mereka lagi offline. ketika mereka online kan bisa baca pesan masuk dari pasiennya.,2
makasih untuk aladokter aku kasik bintang 5,2
bagus banget,0
baik sekali,0
"tidak jelas, penjelasan juga tidak lengkap tidak ada solusi untuk penyakit yg diderita",0
top,1
ok,1
sangat membantu,0
responnya bagus dan ramah.,0
bermanfaat bangtt,0
mant,1
baguss,1
pribadi sy...sy senang banget dpt aplikasi chat alodokter...bisa bertanya keluhan yg sy alami...,0
bagus sekali,1
alhamdulillah bisa di mengerti,1
terima kasih y dok sangat membantu sekali dan semoga rejeki nya lancar amien...,0
sangat membantu,0
sangat membantu,0
"respons lama, setelah chat sm asisten dokter, mau chat sm dokter ny langsung di bales ny lama banget. kata ny cepat respon tp nyata ny ngga.",2
"sangat singkat sekali percakapannya, setelah dijawab masih belum puas sdh diminta tekan terima kasih aja. jadi masih ada pertanyaan yg mengganjal",0
aplikasi good. sangat puaass.. bisa lebih tau apa yang harus dilakukan sebelum bertindak,0
luar biasa,0
mantap membantu di waktu sibuk kerja,1
mantap,0
alhamdulillah drespon cepat. tks byk alodoc..;),0
"mantep lah saat2 covid bagi yang worry ke rs, bisa konsultasi online dgn harga terjangkau",2
memudahkan kita untuk mengetahui sebelum pergi ke dokter atau bidan,1
pengetahuan lebih dalam,1
"ditelpon marketing katanya dari alodokter diberi penjelasan tentang pemakaian aplikasi ini,tapi bersifat memaksa karena perbulan harus membayar 39000 dipakai atau tidak tetap membayar 39000,dijaman seperti sekarang orang seperti saya yg terdampak uang segitu sangat berharga padahal tadinya hanya memakai yg gratis,maaf bila saya uninstall aplikasi ini",2
bgus,0
sy barusan di telfon bingung diri alodokter jdi bantuan uang tunai 2jt selama 1 thn bnr/ nga,2
bagus lah intinya membantu bangetttttt,2
sangat bagus dan membantu,0
good,0
"lebih worth konsul diklikdokter dibandingkan harus antri ke puskesmas, disini udah bisa tebus resep + dianter juga obatnya",2
"bantu kami dokter,",0
"aplikasinya bagus bisa konsultasi secara online namun harus berbayar, saran saya sebaiknya sediakan fitur non bayar agar pengguna lebih terbantu terutama yang memiliki keuangan yg rendah terima kasih ",2
sangat membantu,0
terbaik dokterku,1
ini kenapa ditelpon mulu,1
aslmkm dokter yg baik hati sy hj dasni.k umur 70 thn sy baru selesaì insoman 1 bln yg lalu alhamdulillah udah mli sehat tidur enak mkn udah mau akan tetapi masih mincul batuk2 hidung gatal2 . mhn saran dokter lamgkah apa yg hrs du lakukan dokter?? saya mohon saran2 dari dòter obat apa yg hrs komsusi trm kasih wassalam,2
"data bocor, hati2 ada telp dari penipu ngaku2 dari alodokter. kebocoran nomor hp dan email. selebihnya membantu..",2
"menurut saya sih lebih baik di gratiskan saja, karena kasian sama rakyat yang sakit mau tanya dokter di apk ini gak mampu buat bayar",2
aplikasi terbaik,1
respon cepat,1
terbaik sangat amat membantu ,0
sempurna,1
sangat membantu,0
"sampai saat ini uang saya belum di kembalikan, padahal janjinya 5 hari kerja ini sudah sampai 1 bulan, pada tidur yaa, kecewa sekali",2
"selamat siang dok ,makanan apa saja yg gak boleh di makan sm pendrta asam lambung dan buah2an apa saja yg boleh?...",0
oke sangat membantu,0
sedikt lebih sangat membantu terhadap keluhan. saya tdk ksih bintang 5 krna tolong pikirkan org yg tdk punya utk membayar chat dokter. sarankan lebih bnyk gratis kan hanya chat.,0
"terima kasih alodokter, aplikasi yang sangat membantu",0
wuh ribet lagi miskin sama penyakit malah ketemu apk kayak gini anj lah kntollll,2
sangat cepat respon nya,0
"sangat membantu.., dokter nya juga ramah.",0
bagus,1
bagus pertanyaan-pertanyaannya,0
sangat membantu,0
sangatt membantu,0
terimakasih buat aplikasi ini sangat membantu,1
knph sya ditelpon marketing aldokter padahal saya sudah ga sangkut paut sama aplikasi ini dan saya juga harus membayar perbulan nya 39 ribu buat apah saya bayar kan saya ga gunain aplikasi nyah mohon dong keterangan nyh klo mau cari uang ituh hrus yg jujur yahsaya juga di paksa suruh pasang kembali aplikasinya,2
sangat memuaskan jawabannya,0
untuk sementara masi ok,0
saya tadak suka aplikasi penipu,1
respon nya cepat,0
sangat membantu saya dan keluarga,0
"informasi yang dijelaskan sangat detail, dan rata2 pelayanan sangat ramah",0
sangat baik,1
sangat spam sekali ya telfonnya no gajelas semua,0
mantap sangat puas dan membantu sekali makasi aplikasi alodokter  salam sehat,0
puass,1
sangat membantu,0
bagus sangat membantu menjawab,0
sangat baik dan membantu banget,0
sangat membantu,0
sangat membantu sekali terima kasih alodokter,0
"membantu pemahaman tentang ambeien dan wasir dan benjolan yg diakibatkannya luar atau dalam, dan belanja untuk segera diperiksa, juga pola makan yg sehat yg banyak mengandung serat.",0
aslmkm dokter suami saya mengalami batuk2 terus dan klo musim dingin brsin2 trs.kmrn dh prksa kedokter ktnya gejala asma obatnya udah hbis msh saja kedokter lg ktnya asam lmbung naik diksh obat alhmdlh smbuh.tp kta sumi sya msh sesak klo brnafas cr mngobatinya bagaimana?trma ksh,2
respom dokter sangat baik,1
sippp,1
cepat banget,0
dokternya ramah,0
respon cepat,1
sangat membatu dan cepet ngerespon,0
sangat membantu sekali,0
2 bintang dulu karena baru download ,1
"gak jelas, penipuan, hati hati auto debit yang sangat susah di hentikan dan uang tidak bisa dikembalikan",2
baik,1
"kecewa sekali dengan sales alodokter, sudah di bantu untuk kejar target tapi aplikasi baru aktifasi sudah d debit saja dari atm. bilangnya gratis pada satu bulan awal pemakaian tapi ini baru seminggu sudah d debit. ketika di hubungi alasannya ada perubahan sistem mendadak, alasan apa ini. tolong lah sales yg seperti ini di beri teguran.",0
sangat membantu,0
sangat membantu. terima kasih dok.,0
"sangat membantu,,konsultasi dg dokter yg tepat d bidang nya",0
langsnk di respon cepet dan penjelasan nya dapet mengerti seperti langsnk ketemu dokter nya.he,2
bermanfaat,1
membantu bngt,2
"bagus bangett, dokter nya ramah ramah, penjelasan dokternya juga mudah di pahami",0
makasi respon nya cpat saya suka dngan ada nya apk ini dpt mmbantu kluhan mudhn peminat nya banyak,2
bagus,1
terimakasih alodoc,1
sangat memuaskan penjelasannya,1
ok,1
terimakasih atas jawabannya saya puas,0
cukup menolong di saat terjebak dengan kegalauan terutama soal anak. apalagi ketika waktu tidak mendukung temu langsung dengan dokter. googling bikin makin stres karena tidak tau mana artikel yang dapat dipercaya. berbicara dengan dokter setidaknya mengarahkan pikiran kita lebih fokus. meskipun ujung2 nya pasti butuh kunjungan langsung ke dokter terkait.,0
"terimakasih untuk jawabannya sangat membantu dan jelas, semoga dokter disini mendapatkan balasan kebaikan aamiin",0
respon yang baik,0
fast respon terimakasih,0
fast respon dan menanggapi dengan baik,0
"dokter nya ramah, cepat tanggap dalam menjawab setiap pertanyaan",1
"bagus,cuma ada beberapa masalah saat ingin membuka chat dengan dokter nya",0
apakah setiap chating bayar dok.,0
"sangat membantu dan mudah di gunakan, dan juga bisa berguna di saat membutuhkan pertannyaan masalah kesehatan",0
"di suruh kirim foto, udah di kirim, tapi tidak di kasi tau salep apa yg harus saya beli ",2
makasih dok..,0
pelayana cepat dan respond baik .. terimasih,0
good,0
"jazakallah khairan kepada semua pengembang dan mamber alodokter, kalian semua luar biasa.",0
sangat membantu,0
sangat membantu sekali,0
"dokter y ramah"" n secara detail menerangkan apa keluhan kita... mksh alodokter",0
good,0
"bagus banget cukup puas buat jawaban""nya dn cepet responnya",0
mantep,1
"sdh bayar tp blum bisa chat sm dokter nya ,,gmna donk",2
jadi tau apa yg harus dilakukan,1
langsung dijawab ,0
aplikasi alo dokter ini membantu untuk konsultasi,1
penjelasan doktr nya sangt jelas,1
sangat mudah di mengerti penjelasannya dan sangat membantu saya dalam persoalan masalah makan anak dan vitamin untuk anak,0
"saya chat dokter nya pas posisi masih online, tpi tiba2 dokternya offline, pesan belum di jwab smpe 30 menit, tpi udah dapat notif kalo chat berakhir. saya belum dapat jawaban.. ini mksudnya gimana? udh trlanjur bayar gk dapat solusi.. ",2
sangat membantu,0
great,0
"percuma bayar. udah chat, ga dibalas selama 30 menit sama dokternya. terus langsung di close aja sesi chatnya. ga jelas banget‼ kecewaaaaaaaaa.",2
sangat membantu,0
kenapa data kita bocor woy!!! sialan . gabisa jaga privasi . merugikan . hapus aja dari playstore . banyakbyg nelfon . pas di cari no tsb ternyata banyak yg bilang penipu dri alodokter . payahhhh !!!!!!!!,2
sangat membantu dan informatif. pelayanan baik dan cepat.,0
"ini si parah banget ya, salesnya ga mau tanggung jawab udh kena auto debit begini, pihak alo dokter whatsapp ga direspon, telfon malah di lama lama in, sampe pulsanya abis, kaya gini gimana berentinya, bukan masalah 39rb nya, tapi cara nya kaya nipu gini, tolong dong jangan nyusahin orang lagi jaman begini, tolong yg ngerti berenti iin nya gmana???",2
"puas, dokter komperatif menjawab pertanyaan nya, dan banyak hal yg di ketahui dari apa yg kita tanyakan",0
dokternya yang bernama fitrian hanif zulkarnain tidak membaca dengan baik pertanyaan. opsi pertanyaan yang diajukan dokter tidak nyambung dengan apa yang saya konsultasikan. dan obrolan sesi diskusi berakhir karena saya tidak bisa memilih pertanyaan opsional yang gak nyambung dari dokter. terima kasih.,2
"saya sangat puas,atas pelayanan alodokter yg cepat,dan sangat jelas,,,,,",0
you are still alone,1
terimakasih dokter udah memberik jawaban yg ber mafaat sekali buat saya ,0
mudah²an cocok dengan obatnya,1
"mantap sih pencerahan nya sangat cepat ngga perlu langsung ke klinik atau rumah sakit ,makasih pencerahan nyaa ..aplikasinya pokonya mantap",0
"mantap, ada dokter gratis nya untuk sekedar coba coba dl, gak kaya app sebelah . ",2
masih terpitong krn salah pencet,1
sales alodokter nelpon saya padahal saya baru daftar langsung dapat undian 1 juta dia minta no rekening untuk pencairan . seles udah pasti dia mau nguras rekening saya tiap bulan . mau nipu apa mau aman boss. bikin laporan penipuan kena semuah sales alodokter biar aplikasinya tutup juga . pengurus aplikasi gak becus ngurus karyawan nya,2
dokternya cepat respon,0
dokternya sangat clear menjelaskan dan menjawab pertanyaan saya.,0
sangat membantu,0
merasa terbantu dengan keluhan keluhan yg saya alami dengan aplikasi alodoktet,0
sangat cepat dan ramah,0
"aku kemarin konsul dadakan konsul malem malem sama dokter kulit karena kulit baby ku ruam. karena masa ppkm akhirnya beli obat juga di aloshop, sempet lama datengnya. akhirnya saya telpon aja cs biar cepet diproses, cuma butuh 10 menit langsung dateng depan rumah. berkat paket telemedicine yang ditawarin sama salesnya, konsul nya jadi murah banget dan ongkir obat juga gratis. over all puas sama aplikasi ini!",2
sangat membantu apikasiny tpnutk bertanya ke dokter spesialis nerbayar rata rata rp 35.000,0
"aplikasi yang sangat rekomendasi sekali. pertama kali coba ternyata tersedia layanan chat dokter gak bayar sama sekali, gratis. beli obat juga bisa langsung di aplikasi.",0
"bingung ini sistemnya gimana. saya ingin konsul,pdhl dokternya online, saat saya chat tidak membalas selama 30 menit tiba² sesinya ditutup karena dokter tidak membalas, sedangkan saya merasa dirugikan karena saya sudah bayar tetapi saya tidak mendapatkan hak saya. ini kalo mau chat lagi harus bayar lagi, kenapa bisa begitu? dimohon diperhatikan lagi pelayanan nya.",2
kemarin saya melakukan pendaftaran alodok dari sales.katanya cuma pendaftaran saja.tapi kenapa tidak disebutkan pemotongan dana/auto debet langsung. sudah berusaha konfirmasi kenomer yg tertera diulasan tidak.ada respon malah cuma meninggalkan pesan suara.,2
terimakasih,1
terima kasih alodok sangat membantu aplikasi ini,1
sangat membantu,0
sangat membantu,0
oke,1
ok,1
karena baru gabung jd br s edikit membantu keadaan kesehatan,0
sangat puas karna pertama kali pakai free,1
cepat responsnya,1
terima kasih,1
aplikasinya sangat membantu terimakasih,0
alodokter saya ga buka aplikasi tapi tiap bulan di potong otomatis dari rekening saya semoga berkah uang nya bukan jadi penyakit,2
"dulu ada seles alodokter kata nya d daftarin biasa buat masuk aplikasi sambil melas melas mohon mohon , hati nurhani saya niat membantu kata nya dia cuma buat nyari orang buat target laporan , eh saya baru sadar setelah berbulan bulan ternyata saya di kasih tagihan setiap bulan dan di potong langsung dari bank tanpa saya sadari 39 rb udh berjalan hampir 2 tahun",2
dokter risa ramah,0
sangat membantu,0
sangat membantu,0
sanngat membantu sekali..,0
sangat membantu di masa pandemi covid. apalagi sudah bermitra dengan kemenkes.,0
sangat membantu,0
terima kasih tuk pertanyaan saya yang langsung di respon baik oleh dokternya.. sukses selalu buat semuanya,0
sangat membantu,0
masyaallah aplikasinya sangat membantu masyarakat kecil sperti sya dan terima kasih atas bantuan nya thank buat apk ini smoga mnjadi trending dan bnyak yang minati,0
terimakasih alodokter sangat bermanfaat,0
aplikasi yang sangat membantu sekali,0
sangat membantuu,0
bagus,1
mksi app al sy senang donloat app ini,2
penjelasannya detail dan komprehensif.,0
"parah mau berhenti berlangganan tapi malah slow respon banget, giliran awal ngajak gabung aja cepet banget. saya bakal datengin salesnya nanti. buat yang lainnya jangan coba2 gabung deh, nanti nyesel bangettttttt",2
rama doktenya,1
"bagaimana cara menonaktifkan auto debit untuk tidak berlangganan lagi.. saya sudah di tipu oleh sales aplikasi ini, katanya tidak berbayar.. dan tidak menjelaskan secara detail bagaimana prosedur nya.. dan buruknya lagi, tidak ada riwayat ketika saldo d auto debit... mohon di bantu",2
responsif,1
dokter sangat ramah dan baik,0
membantu sangat,0
ok bagus dimasa pandemi,1
"customer services kurang membantu, lama prosesnya cuman via wa, tidak bisa protes kalau barang yang dikirim salah. harga dan kuantitas yang tercantum di aplikasi tidak sesuai dengan jumlah barang yang di dapat saat sampai di rumah (harusnya 24 ribu dapat 2 pcs, malah cuman satu yang dikirim). kalau ngajuin pembatalan terkait janji cek kesehatan susah, prosesnya lama. tidak bisa kasih catatan juga buat apotek kalau mau kasih notes saat beli barang",2
terimakasih,1
"aplikasi yang sangat bermanfaat, artikel kesehatan yg lengkap dan informastif bisa jadi referensi buat tugas2 kuliah. pernah dulu dapet telepon juga dari marketingnya nawarin berlangganan chat. terima kasih alodokter.",0
penjelasanya bagus dan dokternya ramah,0
baikj,0
"tolong hentikan layanan berlangganan saya, aplikasi nya tidak berguna. sekarang tiap bulan ngambil uang saya di rekening. udah lapor cs untuk hentikan layanan, gk ada respon...",2
"dari dulu alodokter memang bisa di andalkan soal konsultasi.. sangat membantu untuk masyarakat. 2018 saya uninstall karena yang sebelumnya mudah konsultasi menjadi susah, sekarang saya install ulang kalo pertama dikasih gratis mudahan seterusnya.. hehehe saya kasih bintang 5. semoga seluruh dokter tetap ramah dan ikhlas dalam melayani masyarakat di setiap kalangan tanpa pandang bulu.",2
sy sesak nafas klu berjalan atau lakukan aktivitas,1
aplikasi ini sangat membantu saya,0
puas dengan penjelasan para dokternya,0
"nyebar data !!! data pribadi, ditelfonin sama spamer terus mengatasnamakan alodokter.",2
kok bisa bisanya motong terus ? ga ada fasilitas apapun kok motong,2
alodokter sangat membantu di saat membutuhkan.,0
terima kasih alodokter sudah bisa membantu,1
ok sangat membantu,0
sangat membantu sekali,0
terimakasih banyak atas info kesehatannya. sangat membantu.,0
sangat membantu,0
dokternya enak diajak konsultasi,2
mantap,0
sangat membantu,0
sangat membantu,0
bermanfaat,1
"dokternya ramah,jawaban dapat dimengerti",0
bagus,1
tidak ada respon yg baik,1
sangat membantu,0
cepat respon,1
beri bintang 3 dulu soal baru menggunakan aplikasi ini,1
alodokter respon cepat dan terbaik,0
"aplikasi ga guna !!! pake instan tulisan 1 jam sampe tapi ydh 1 jam status blom juga di ambil kurir, chat cs bilang di proses besok, gw beli di aplikasi karna butuh bgt dan ada jaminan 1 jam sampe. malah di kirim besok !!! mana ga visa cancell pula",2
mantap,0
ga bisa di buka,1
good,0
jawaban dokter terlalu monoton kalau begitu mending saya cari di google saja,2
unistallllll,1
respon real,0
"ramah,mudah dipahami,dan sangat baik",0
terima kasih dok. sangat membantu,0
dokternya komunikatif dan solutif,0
sangat bauk,0
sangat membantu,0
bagus,1
mwmbantu banget apalagi sering gratis ongkir,1
saya serering mengeluar kan air mata tapi bukan menangis kerna mata saya ketarak apa bòleh saya mnum obat cacing dokter... teŕimakasih.,2
"sudah saya unistal apk ini karna ram penuh, ehh tau nya kena telpon penipuan. minta no rek saya bilang nggak ada. langsung dimatiin dong. gimana ini alodokter, data kita bisa bocor. untung aku nggak kena tipu sama orang nya ",2
"pengalaman saya selama ini dokter pakai es lumayan bagus,,tapi hanya untuk sementara,,,",2
memuaskan,1
cuukup membantu,0
sangat membantu,0
sangat memuaskan... penjelasan dokter2 disini...,0
sangat membantu,0
auto uninstall,1
"saya pakai aplikasi ini sudah bayar dan transaksi mau konsul dengan dokter, uang sudah di potong tapi tdk ada respon dr dokternya tiba2 transaksi saya ditutup, bayar sia sia !! sangat tidak profesional ",2
sangat membantu,0
sangat membantu di saat kita bingung harus minum obt ap,0
"apikasi rampok... ga pernah daftar, ga pernah konsul tiba tiba narik saldo autodebet. anehnya lagi ada dokumen yg sudah saya tanda tangani di atas materai, padahal saya sama sekali tidak pernah tanda tangan apapun. ini pasti kelakuan sales sales mereka yang palsuin tanda tangan saya. hati hati kalau ketemu sales alodok mending ludahin saja.",2
dokternya ramah,0
sangat membantuku,0
sangat membantu saya,0
gimana si cara berhntiin langgana. krna sy tdk pernah konsul dan saya jg merasa di bohongin sm yg nyari² nasabah supaya downdld alodokter bnci bgt tiap bulan kepotong trs saldo atm sudah 2 thn mah ada x .. bkin rugi aja percuma kan klw tdk d pakai konsul,2
sangat membantu dan mudah,0
prtama kali pakai dn dapat doktr yg sangat ramah dan detail. terimakasih alodokter,0
alodokter ga bagus hari ini bener² butuh ga bisa dipake udah bayar 2 x untuk dokter anak malah pemberitahuanya belum bayar.,2
tanggapan sangat lama.chat pertama n tanggapan pertama gk sesuai sampai saya ketiduran. sdh bayar tetapi gk bisa konsultasi..tolong ditingkatkan kembali tanggapan nya.,2
respon sangat cepat,0
mantap,0
sangat membantu skali..,0
responsip dokternya,0
lngsung unistal.. mau tanya dokter berbayar ,2
"apps alodokter ini kurang professional. chat saya sejak awal didiamkan oleh dokter (dr. muhammad ramadhan alkausar- dokter umum). saya tunggu sampai 30 menit tak dibalas. alasannya notifnya baru masuk kata dokternya. saya ini konsul bayar ya, bukan gratisan. tolong alodokter perhatikan lagi kualitas apps dan dokternya. tks.",2
suka,1
alhamdulillah setiap pertanyaan selalu di jwb dengan jelas,0
puas,1
sangat puas,1
mantul apknya,0
sementara 4 dulu. semoga membantu saya yg lagi masa hamil pertama,0
jelas dan faham terima kasih,0
sangat membantu,0
"barusan saya di telfon sama aplikasi alo dokter dan mau ngasih uang cuma cuam 2 juta apa ia,dan minta nomer rekening saya untuk apa kenapa minta nomer rekening saya , apakah nnti ada penarikan dana secara tiba tiba tolong ia jgan seperti itu nyari uang sekarang susah boss",2
sangat membantu,0
trimakasih byk sdh sangat membantu ttp kalo bs no hp kita tidak d berikan kepada oknum asuransi ,2
dapat telfn dari alodokter di minta data diri dan minta no rekening ,2
respons cepat dan ramah,0
"trims kpd alodokter yg telah memberikan sy saran yg sangat membantu saya ,,",0
sangat cepat respon dokter yang dipilih sistem,0
cepat responnya,0
sangat puas,1
app nya sngat bagus,0
"so bad ! sebaiknya perlu di cut beberapa dokter yg nggk punya etika penyapaian ke pasien ini kali pertama sya konsul di bentak dokter ! klo dokter ada kepentingan lain sebaiknya bilang diawal jgn main off dan jwb lama agar pasien tdk menunggu terlalu lama mohon sama""menghargai waktu org lain tdk hanya pasien yg perlu dokter tp mutualisme ya ! saling membutuhkan",2
terima kasih sangat membantu petunjuk,0
aplikasi sangat membantu dan sangat bagus cara berkomunikasi juga sangat mudah. dan trimakasih ,0
apk yg bermanfaat.. ,0
baik respon dan masukannya,0
jawabannya memuaskan,0
dokter sangat baik & ramah.,0
luaarr biasaaaaahhh,1
makasih dok,1
halo dokter sy mau menyampai kan keluhan sy ini tulang tulang sy terasa kaku sakit dan bengkak kenapa ya dok sy tkt dok mohon penjelasan nya dan obat yg utk menyembuh kan tulang bengkak,2
"balasan chatny cepat, serta dokterny juga ramah.",0
pelayanan yang cukup baik dan saya sangat suka,0
aplikasi kga jelas saldo kepotong terus parah tolong berhentiin dong,2
makasih solusi nya,1
berasa punya dokter pribadi.. informatif dan sangat bermanfaat. maju terus dokteeer... trimakasih,0
sangat membantu,0
cukup membantu.,0
terima kasih untuk jawaban yang memuaskan,1
"syukurlah ada aplikasi ini, amat sangat membantu",1
"sangat membantu untuk konsultasi penyakit apa saja, trimakasih alodokter",0
ramah dan sopan,0
"saya umur 42thn, dah mulai terasa sakit rematik. pa lagi kalo kecapekan abis cuci baju, tangan nyeri, kaki nginjek aja sakit, lutut suka sakit kalo berdiri kembali. apakah ini ada hubungan sama diabet? kebetulan mama saya yg diabetes. kalo saya belum periksa sama sekali.",2
good,0
"sangat berkesan, penjelasan dokter sangat membantu.. tr. ksh",0
trimakasih dokter nya baik dan sabar. sllu mmbri jawaban di stiap prtanyaan..,0
aplikasi maling. ga gw acc duit otomatis dpotong dr bca. kata salesnya ga d angkat tlpon dr alodokter ga d acc berlanggananya.,2
unistal lagi ahhh... banyak ulasan yang negatifnya bye....,2
sangat cepat menanggapinya. tks,0
"bgss bangett penjelasan nya jelas, dokter nya pada ramah baik bgt",0
"kesal banget sama aplikasi ini, udah bayar langsung di tanya dan pas udah di tanya lanjut konsul ke dokternya langsung tapi lama nya minta ampun. kesal dan emosi",2
baik,1
bagus jelas,1
responnya sangat cepat dan akurat,0
terimah kasih,1
sangat membantu sekali ,0
"aplikasi aneh,saya blum install apliksi ini udah dapat telfon dri marketing alodokter dan meminta data identitas saya,dan anehnya lgi tu org nanya no recening sya..jngn"" apliksi ini buat nipu orng yah...",2
aplikasi yg sangat mulia unt membantu,1
"pesan obat dicancel. yg parah data pribadi bocor, ada penipuan alodok dpt asuransi 2jt bla bla bla",2
ok,1
dokternya sangat ramah dan sabar dalam melayani,0
sangat berguna,1
"responsif, jelas jawabannya.",0
"sangat membantu,, mempermudah konsultasi tanpa harus langsung tatap muka",0
terimakasih aplikasi ya sangat membantu pelayanan nya ramah,2
"sangat membantu terkait apa yang dikeluhkan oleh pasien, semua dokter respond cepat dan tanggap",0
verifikasi kok masih pake sms ? kalo pake wa lebih cepat dari pada sms .,2
cepat respon nya,1
aplikasi ini sangat membantu sekali,0
hati hati banyak telfon penipuan jangan di angkat yang mengatas namakan 39k perbulan,1
saya kasih bintang 4 dlu,1
pendo bayar,1
trimkasih adanya apk ini..saya bisa cari cari tau dan berpengalaman,2
bagus,1
sangat membantu,0
membantu sekali,0
membantu sekali untuk solusi saat darurat ketika penyakit kambuh..,0
menambah pengetahuan,1
"tolong hapus akun sya yg di alodok ini, gila x saldo tiba2 di ambil sama pihak alodok.para dokter yg ga laku trus2an saldo di ambil trus",2
sangat membantu,0
sangat membantu,0
mantap..membantu,0
good,0
good,0
bagus,1
jawabanya memuaskan,1
terimakasih,1
sangat membantu. terima kasih,0
trimakasih alodokter udah sangat membantu saya,0
dokter nya baik sekali,0
saya senang banget nemu applikasi ini makasih al dokter,2
kok bisa autodebet?,1
sayah menderita peyakit puser kalow di sentuh sakit peyakit apah ya mohon selusiyah,2
"saya pengguna asuransi sequis, dan utk online medis dgn alodokter sangat kecewa sekali. ini kenapa saya setting domisili di kota kediri, malah obat nya diarahkan ke apotek pulo gebang jakarta. bisa 3 hari lebih baru nyampe. saya chat admin kenapanya, malah dijawab pemilihan lokasi sesuai dengan kesediaan obat di apotek. heran banget padahal sakit saya umum obat darah tinggi, masa apotek di kota kediri tidak punya semacam amlodipin, neurodex. plis itu obat umum, dan hampir semua apotek punya.",2
kok sekarang jadi berbayar ya mau konsul ke dokter umum?,2
sangat membantu,0
customer servicenya memberikan informasi yang tidak jelas,0
sangat bermanfaat,0
sangat membantu sekali untuk konsultasi tentang kesehatan,0
sangat membantu,0
"penjelasan nya sangat detail. dokter nya ramah""",0
sangat membantu,0
trimakasih,0
sangat membantu,0
aplikasi ini membantu,1
"baru download, puas banget",0
pesanan saya tidak sampai sampai dan saya pesan dari jam 8 pagi hingga siang blm diproses,0
"ini kenapa ya saya shock berat uang saya berkurang 29k per bulan melalui bri dari tahun lalu dan saya baru sadar sekarang. setelah konfirmasi dari bri ternyata uang saya terkuras oleh alodokter. bayangkan 29k per bulan uang saya abis dari tahun lalu, udah banyak uang saya terkuras tanpa konfirmasi dari saya. tolong penjelasannya ya alodokter!!",2
bagus,1
saya suka aplikasi ini sangat membantu,0
bagus bsa konsultasi dgn dkter,0
sangat membantu,0
"resep obatnya kenapa ga sama kaya dokter offline, obatnya generic aja yg dikasih",2
cepat tepat,1
sangat membantu,0
terbaik.. cepat tanggap dan tepat..,0
"cara marketingnya meminta nomor rekening itu kesannya memaksa,, gak bagus tuh",2
obat lama sekali datangnya parah,0
sangat membantu,0
ditanggapi cepat ,0
membantu,0
sangat membantu,0
bagus,1
"sangat membantu n terjangkau biayanya, makasih",0
oke,1
"gk paham bgt lah sama aplikasi kayak ginian yg d iming""in bisa d klaim biaya pengobatan,,, 2jt pula itu, aneh nya ngotot pula minta no rekening kita, aneh ini cs nya, jelas"" pemerintah udah ada program bpjs kesehatan, ada"" ja kelakuan manusia"" d masa pandemi ini,,",2
good,0
"parah salesny. saya ngerasa gk pakai tiba2 di telpon. minta aktifasi. minta data2 ini itu, terkesan maksa banget. kalau sampe kedebit bank saya. saya laporin . semoga pihak.alodok bisa selesaiakn maslah ini.",2
"sangat mrespon, konsultasi dgan brbagai dokter penyakit smua ad di alodokter. dan jga doktenya lngsung memberi resep alodokter trbaik",0
sllu puas dengan jawaban nya,0
aplikasihx bagus sangat membantu terimakasih alodokter,0
sangat membantu,0
sangat membantu,0
good,0
cepat dan responsif,0
aplikasi nya kok makin lemot ya susah dibuka....,2
sangat membantu pertolongan pertama di saat dadakan,0
sangat membantu.. ,0
cara chat dokter tanpa bayar dimananya ya min m,2
sangat bagus,1
"banyak nomor yang spam telfon atas nama alodokter, sangat mengganggu :)",0
"respons cepat, detai juga, komunikatif bangat.. jadi bisa ambil referensi utk ke dokter sepsialis penyakit",0
respon cepat,1
aplikasinya sangat bagus dan rekom sekali . harga murah sakalii bisa konsul dengan berbagai macam2 dr spesialis seruluh tubuh,0
sangat membantu sekali,0
bagus bngt tttttttttttttttt,0
"pintar"" la memakai aplikasi, jgn aplikasi yg disalahin, zaman semakin canggih hacker juga pasti update... sudah dipermudah koq di celah... makanya sekarang aplikasi cepat ada updatean utk menjaga tingkat keamanan... be a smart people",2
sangat membantu,0
sebenernya aplikasi bagus. cuma kayanya data pasien ga dijaga. saya baru kemarin chat dengan dokter besoknya sudah ada 2 orang penipu berkedok alodokter,2
sangat membantu,0
"gimana dah ni aplikasi, login lewat crome bisa tp pas download aplikasi gabisa login",2
"ini aplikasi semacam penipuan,, saya sdh 10 bln ini berhenti dan masih tetap di potong rekening saya tiap bulan sebesar rp.39.000, padahal dari awal daftar saya ga pernah berkonsultasi sama sekali dgn dokternya. dari awal pertama saya tiba-tiba di telpon dan bilangnya dari alodokter dan data2 saya sudah diketahui oleh alodokter, nah dari mana alodokter bisa mencuri data-data saya itu. dasar aplikasi alodokter tempat nya grup maling dan penipu.",2
sangat membantu,0
mantap,0
baru mengunakan aplikasi,1
aplikasih nya bagus lancar respon cepat,0
ok,1
puas dengan dokternya. detil sekali dan cocok dengan obat yang diresepkan.,0
apakah alodokter kasih info terbaru lewat via telpon tentang dana bantuan demam berdarah dll ?...soalnya ada yx telpon seperti itu...tapi lama2 kok seperti penipuan yah...tolong infonya...terimakasih,2
bagus. menurut saya relasi yg tepat,0
"dr malam sampai pagi dokternya belum siap mengetik juga. sangat mengecewakan dr. m imanyudi, sp.pd. penyakit dlm",2
respon konsultasinya bagus dan ramah,0
aplikasi penipu sudah bayar tapi obatnya ga sampai!!!!,2
aplikasi nya bagus dan dokter nya ramah tamah saya suka pelayanan yang super cepat dan tepat terutama dr. ferdinandus & dr. syendi ,0
"saya edit rantingnya, soalnya g ada lagi gratis chat sama dr umum, dulu nya ada 2 chat dr umum perhari,eh sekarang berbayar mahal...g jelas bngettz",2
sangat membantu bagi kami yang memang selama ini butuh informasi seputar kesehatan,0
fast respon dengan jawaban yang detail sejelas jelasnya,1
fast respon banget dan mudah di pahami. terimakasih,0
sangat membantu,0
sangat bagus. fast respone ,0
sangat membantu,0
samngat rammh,2
good,0
mantap. sangat membantu,0
apk yang bagus . sangat membantu,0
sangat membantu sekali,0
wooooooo,1
terimakasih ,1
ntahlah,1
sangat mudah dan membantu sekali apalagi untk ibu sprti sy yg harus cepat menangani anak sakit,0
bagus,1
dokter sangat cepat merespon pasien,0
bagusss banget suka dehh,0
skrg cuman nanya atau konsultasi dokter umum aja harus bayar ga seperti dlu masih bisa gratis walaupun dibatasin 2 kali nanya perhari,2
sempurna,1
"bagus ,dan pertanyaan nya d jawab semua",0
terima kasih saran dan penjelasannya dok,0
ok banget,1
sangat membantub,0
sangat membantu saya yg sedang isoman covid-19,0
sangat membantu sekali,0
"mudah untuk digunakan, dan sangat membantu untuk membeli obat",0
"perampok sundala,",0
bagus sekali,1
sangat membantu,0
good,0
good,0
"saya baru masuk,semoga saja aplikasi ini sangat membantu",0
"pelayanan nya kurang memuaskan saya baru bertanya di whatsapp namun tidak di berikan jawaban , saya mesti cek ke doktor yang mana jika mengalami kecemasan yang berlebihan , dan susah tidur , saya kasih b1 sampai saya mendapatkan jawaban nya !!!",0
makasii banyaakk,1
aslmkm. dok punggung saya tersiram racun rumput jenis rundap sudah satu tahun sekarag saya merasakan punggung saya terasa sakit ngilu dan terasa keram mohon solosinya dokter,2
sangat bermanfaat dan membantu respon dokter cepat pokoknya luar biasa makasih,0
"hati hati dengan aplikasi ini, niat saya menolong sales yg mempromosikan. tapi kok malah rekening saya tersedot 39 ribu. saya merasa di rugikan. apalagi sales nya bilang tidak ada biaya sama sekali. tolong jangan menipu orang, niatnya nolong kok malah di pentung",2
sangat bagus saya senang konsultasi sama dokter nya baik bangettt,0
"dokter nya sangat responsif setiap pertanyaan dan penjelasannya sangat baik,.",0
ga usah download aplikasi ini. nomer kalian bakal diteror terus,2
"bagus bgt,,,tpi sekarang chatt dokter umum d kenakan biaya admin...dlu mah tdak d tarif biaya kecuali dokter spesialis",2
bagus,1
fast respon,1
bagus,1
sangat membantu,0
"sangat sangat bermanfaat kecanggihan dan teknologi untuk aplikasi ini ,sangat membantu pasien yg sedang membutuhkan . thanks alodokter,sukses terus dalam berkarya",0
selalu membantu,0
seneng bgt. respon dokter nya cpt,0
aplikasi ini sangat membantu,0
pertanyaan dari bot ga sesuai dengan judul yg saya berikan. sangat tidak membantu cumah mengganggu. orang mau tanya jawab langsung malah dapet bot jawaban otomatis seperti soal pilihan ganda pas ulangan tcih. jadi saya jawab asal asalan.,2
"penjelasan memuaskan ,dan mudh dimengerti",0
sangat membantu dan ramah serta sabar sekali dokter nya,0
sangat membantu,0
mantap jawaban alo dokter,0
baik,1
dokternya ramah dan cara menjelaskannya jelas,0
sangat membantu dengan adanya alodokter.,0
ok,1
respon cepat...mau jawab sampe ga sempat.. ,2
sangat membantu,0
ekspektasi obat tidak sama dengan yang di resepkan,1
puas,1
mantap,0
thanks alodok the best lah,1
terima kasih,1
"aplikasi apaan tiba"" dapat telfon mengatasnamakan alodokter ntah itu benar atau gue dikasih dana sebesar 2jt untuk penanganan dbd. terus minta data diri. tp gue tolak karena ngga yakin sama pembicaraannya",2
agak murah dong harganya,1
sangat puas,1
"selamat malam dok,saya mau tanya apa penyebab hidung terasa sesak pasca operasi hidung,dan ini bahaya apa tidak,bagaimana cara mengatasinya",2
sgt cepat penanganannya,1
"dr. lu lydia sylvia putri sangat kecewa sama dokter itu, krna dia tidak memberi penjelasan apapun, mana suda bayar, tolong untuk pelayanan ditingkatkan lgi, bru kali ini kecewa di alodokter",2
sangat membantu,0
"asli nih apk gk jelas cuma bantuin mba ngejar target dia doang, ngomong nye gk kena ketarik rekening tapi apaan malah kesedot saldo pdhl download juga kg gua, niat bae malah begini, menguras duit orang kg halal bgt, seneng di dunia doang lu makan duit haram, kg ikhlas bgt gua pokok nye",2
sangat membantu,0
bagai mana cara keluar dari alodokter ini.ini adalah penipuan.saya baru sja di tipu melalui no rek sya sebesar 700ribu.,2
"dokternya sangat ramah"" dan jelas penjelasannya",0
wort it sekali.. fast respon dan jawabannya sangat bisa diterima,0
"secepat kilat respon nya, sangat membantu, terimakasih",0
bagus,1
terimakasih aplikasi ini sangat membantu ,0
"uninstal ajj.. konsul apa jawabnya apa, dichat lgi gk dibls.. payah ni aplikasi",2
puas banget dokternya baik dan ramah,0
"dokternya ramah dan memberikan solusi yang sangat bagus, kalau mau mencoba, chat sj ke dokter umum, misal saya memberi keluhan tentang gigi dan sy chat fokter umum. sama saja domter gigi yang membalas pesan saya, jadi jangan takut takut untuk mendownload apk ini !!! n. saya harap untuk dokter umum tidak dikenai biaya untuk kedepannya, terimakasih",2
ternyata berbayar saya kira gratis untuk semua masyarakat,1
"sangat membantu, fast respon",0
sangat membantu ,0
ok sanggar membantu,1
thanks alodokter bermanfaat sekali memudahkan segala hal untuk masalah kesehatan dan kemudahan dalam mencari dokter dan rumah sakit,0
di layani dengan ramah .. trimakasih dok ...,0
sangat membantu,0
membantu dan respon dokter cepat,0
sangat membantu ,0
membantu sekali dokternya ramah,0
sangat memuaskan,0
bagus pelayananx,1
membantu sekali apalagi pada saat darurat. terima kasih saya jadi tenang,0
penjelasan yg mudah dipahami,0
fast respon,1
"dokter nya ramah,",0
"transaksi di batalkan, kebuang sia"" duitnyaaa",2
obat dri dokter pernh manjur dan bagus,0
bagusss,1
keren,0
terima kasih dok,0
cukup menarik percakapan dengan dokter.,0
mantaa sehat sll dokter indonesia,1
"gila kaga jelas bangt aplikasi sial emang gara² orang lewat nanya suruh registrasi aplikasi mah kaga di pake sama gua, setiap bulan di potong terus konyol bangt aplikasi sampah",2
"aplikasi yang bagus dan sangat membantu,terima kasih",0
terimakasih sangat membantu terutama dr rossiana tantri sudah membantu memberikan penjelasan atas konsul hari ini,0
bagua,1
apk ini sangat membantu utk konsultasi ketika ada yg ingin ditanyaka..,0
"thank you,aku merasa terbantu banget dengan aplikasi ini, responnya cpet bgt",0
sangat berguna,1
bagus,1
mantap,0
"dr...saya punya keluhan,kepala sy pusing,ruangan seperti muter.kira2 kenapa ya ?",0
respon nya cepat,0
aplikasinya bagusss,1
sangat memuaskann,0
terima kasih untuk respon yang cepat dari para dokter.. sangat membantu ,0
sangat bermanfaat,0
sangat membantu dan ada dokter gratisnya juga. mantabbb,0
good,0
dokternya mendengarkan dengan baik semua keluhan tentang depresi sy:),0
bagus,1
mantapz,1
"saya baru d tlfn ktanya pihak dari aladokter kok mnta no rek saya,,kok saya jadi takut mohon bantuanya pihak ala dokter mohon informasinya",2
untung gk d kash no rekeningnya dasar penipuan gk bilang kalau autodebet,1
respon dari dokter nya baik dan ramah,0
sangat responsif,0
"konsultasi di tgl 20 april 2024 dan langsung pesan obat sesuai resep! dan ga dikirim2 sampai tgl 24 april 2024 ysudah mencoba untuk sabar dan ajukan refund tapi ga di dikasih kejelasan sampai sekarang tgl 30 april 2024, yahhhh jelek banget sumpahhh, lelett!!! semua orang ada batas sabarnya.",2
alhamdulillah membantu banget...,0
sangat membantu sekali,0
sippp,1
"kalo bisa, kalo emang orang udah download gausah di telepon ya, takut ganggu",2
sangat membantu,0
aplikasi ini sangat membantu apalagi dalam masa pandemi ini jadi kita bisa berkonsultasi jarak jauh mengenai gejala-gejala yang di rasakan,0
sepertinya cat dengan dokter umum sdh ada biaya 5rb kemarin² ngak tu mala gratis malahan klo berbayar itu cat dengan dokter pribadi,2
thanks for your,0
"sangat membantu , thanks",0
dokter ramah ramah,0
eh gimana nih tdi ayahku barusan ngasih nomor rekeningnyaa,1
bagusssss,1
good,0
"karena isoman jadi kenal aplikasi ini, tapi keren dr dr melayani pasien yang ngga banyak uang juga walau di situ pasang harga. terimakasih dokterku.",2
tambahin dong fitur diskusi kaya yang di web nya,1
"mohon akun saya dhapus aja, biar team marketing gak lg hub. no saya lg meskipun apknya udah di uninstal ttp aja tlpn mohon maaf tp inin sangat amat mengganggu djam kerja harusnya saya nerima tlfn dr klien malah sales alodok gajelas. harap di benahi",2
sangat terbantu dengan aplikasi ini ,0
saya mau berhenti layanan ... caranya gimana ?,0
dokter ya merespon dengan cepat,0
sangat2 membantu keluarga saya,0
cukup membantu,0
dok saya mau nanyak saya kalau duduk jonkok kluar darah dari lubang anus. saya lihat kayak ada lukak kecil. jadi darah kluar dari situ. mau nanya apa obatnya ya. untuk mentup luka,2
kirim,1
puas,1
sangat membantu suka dengan aplikasi ini makasih,0
aplikasi ini sangat membantu,0
"hebat, sangat membantu",0
sangat sangat membantu,0
good,0
saya baru instal aplikasnya...semoga bermanfaat untuk yang membutuhkan saran ataupun keluhan yang mau di tanyakan ke para dokter yang ada...,0
sangat sangat bermanfaat sekali,0
mantap,0
penjelasan dokter sangat bagus dan detail,0
sangat membantu,0
sangat membantu,0
ok,1
aplikasi yang sangat membantu saya dalam masa penyembuhan ini.dokternya juga ramah2,0
luar biasa,0
aplikasi ini apa penipuan bisku,1
bagus,1
terimakasih,1
sangat membantu sekali,0
sangat membantu. saran sy kolom pertanyaan jangan dibatasi 300 karakter spy pasien bisa lebih detail menceritakan gejala penyakitnya. terima kasih,0
mantab,1
bru nyoba respon cepat dri dokter nya jga ramah,0
sangat membantu,0
terimakasih halo dok. dokter2 sabar menjelaskan emak2 yg galau karna anak sakit.,2
chat dokter gratis,1
sangat membantu. ,0
saya merasa terbantu,1
sangat bagussss,1
sangat membantu,0
sangat membantu saat pandemi gini,0
cukup puas dgn analisa dokter,0
sangat baik,1
good,0
berguna banget aplikasinyaaa.... ,0
dokternya baik dan jelas,0
baik,1
"terimakasih, sangat membantu ",0
memuaskan pelayanan dan jawban nya makasih alodokter,0
bagus,1
lebih murah dari pada yg lain,1
sales nya melakukan penipuan padahal sudah dibantu download aplikasi padahal saya tidak mau tanda tangan tapi dipalsukan tanda tangan saya tolong ditindak lanjuti kalo tidak saya akan lapor ke pihak yang berwenang,2
balasan cepat.me muaskan,0
ok,1
saya ingin ajukan pembatalan asuransi tidak direspon. tidak bermutu,1
aplikasi yg merugikan... rekening auto kesedot ..... taiiiiiiiiiiiiiiiiiii,2
dokternya cepat memberikan respon cepat ketika sedang konsultasi,0
dokternya ramah dan responnya cepat,0
sangat membantu sekali ketika kita mau cari solusinya cepat,0
sering banget di telpon nawarin asuransi dbd udah di tolak tetap ngotot... padahal udah saya uninstal... apk gak guna,2
puas sekali jawabannya di tunggu resepnya dok..,0
tolong hapus data saya karena sudah tidak digunakan lagi,1
saya sangat senang dengan penjelasan dokter. trimakasih dokter,0
aplikasi yang sangat membantu untuk konsultasi mengenai kesehatan,0
saya suka dengan ini,1
good,0
dokter sangat ramah....,0
"saya udh bayar buat chat dokter nya pakai shopee pay , tapi kenapa status nya menunggu pembayaran terus, rugi jadinya udh bayar gk bisa chat dokter.",2
"bagus, tapi klo bisa mode tlp lebih bagus lagi",2
"alhamdulillah resep obat yg diberikan dokter bekerja dengan baik saya dan keluarga tidak perlu repot"" mengantri di rs yg penanganannya lama sekali dengan adanya aplikasi ini saya dan keluarga jadi lebih banyak terbantu, biaya bayar dokter nya juga terjangkau, terimakasih alodokter salam sehat ",0
mksih jwbn dari hallo dok sangat memuaskan pertanyaan2 dari saya,2
sangat membantu,0
sangat membantu saya,0
aplikasi ini sangat baguuuuuuuuuusss sekali!!,0
"saya sih suka banget sama apl ini, saya sering konsultasi sama dokter umum aja sih, dan artikel artikel nya sangat banyak dan bisa membantu saya mengatasi masalah kesehatan saya, memberikan banyak informasi yang berupa ilmu, tapi saya gak sukanya saya curiga apakah data di aplikasi ini bocor, karena sudah 2kali saya ditelfon orang mencurigakan yang mengatasnamakan aplikasi ini yang akan memberikan jaminan kesehatan dan meminta norek secara paksa. untung aja aq gak bodoh ,, love you alodokter",2
ok,1
aplikasi ini sangat membantu. terimakasih.,0
sangat membantu terimakasih,0
hebat,1
ok2 aja,0
sangat membantu,0
alodokter ok,1
sangat membantu,0
jelas dan rinci pemaparannya,0
membantu sekali,0
dokter ramah dan sangat membantu,0
sabar,1
cepat tanggap dan jawaban memuaskan,0
sangat membantu,0
sangat baik,1
"kirain download aplikasi ini konsulnya udah gratis... malah bayar, terpaksa akun uninstal kembali... terima kasih",2
membantu segala kondisi,1
"puas,",1
dokter nya baik baik bngt ya ampun,0
bagus balas nya juga cepat dan membantu banget sih,0
very good,0
spamming call !!!,0
"menurut saya buat rekan2 semua yang merasa dirugikan sebaiknya buat laporan saja biar diproses, singkat cerita kita banyak keluarin uang dan ada yang otomatis terpotong di atm padahal tidak ada konsultasi sama dokter yg jelas.",2
bagus,1
sangat bagus,1
sangat membantu sekali.. meskipun hanya dapat melegakan hati pengguna dalam keadaan banyak pertanyaan tentang rasa sakit yg diderita... karna lebih baik memang langsung ke dokternya.. alodok hahya media informasi nya .. bukan penanganannya.. terimakasih alodokter,0
responnya sangat bagus,1
puas banget,1
"sangat2 membantu disaat urgent kpnpun bs konsul lwt chat & fast respon, trma ksh dktr2 yg sdh sangat membantu kami dlm berkonsultasi keluhan kami",0
"bagus sekali, cuma kok byk yg hub ktnya dari elodokter, menawarkan asuransi dll, yg intinya mau minta data2 pribadi perbank kan, minta tolong pd pihak ini ditertibkan...trima kasih",0
bagus,1
membantu,0
aplikasinya ga kebuka2.,0
ok,1
sangat membantu,0
"enak banget konsul d apl ini, dokter nya online trus n cepet d jawab. puas sekali konsultasi d alodokter",0
sangat membantu,0
dokternya sangat merespon utk jawabnya,0
bagus sekali,1
sangat berman faat,0
sangat membantu,0
sangat membantu,0
dengan bergabung alodokter sangat bermanfaat untuk bertaya .trimakasih alodokter semoga tetap jaya membantu masyarakat .,0
jawaban dokterny memuaskan,0
respons dokter cepat dlm menjawab pertanyaan,1
senang,1
thanks alodokter sangat membantu,0
ok respon para dokter nya bagus,0
sangat membantu..,0
puassss,1
membantu sekali dan meringankan kita yang rada malas antri ke dokter,0
"kenapa tiba2 ada yang menelepon saya mengajak untuk berlangganan pelayanan alodokter , kenapa sales itu bisa tahu nomor telepon saya ?? bukan nya bersifat rahasia ??",2
sangat membantu,0
sangat baik terimakasih telah membantu,0
sangat bagus,1
sippppp alhamdulillah fast respon dokternya,1
luar biasa,0
ini gimana ko di mbanking saya kesedot 39000 setelah ada seseorang mengatas nama kan sales alodokter?padahal udah saya uninstal aplikasi nya karna saya jarang pakai aplikasinya loh dan saya belum menyetujui udah berlangangan loh bisabisanya yaallah nyari duit yg halal napa,2
"terimakasih,,sangat membantu ",0
dokternya bagus bagus...,0
"salesnya tidak memberi tahu kalau pembayaran auto debit hati"" kalo ada salesnya nawarin",2
"kecewa saya sudah berlangganan aloproteksi chat dokter tapi setiap mau chat dokter sistem selalu eror, jadi gatau uangnya bisa balik atau engga kalo gini caranyaaa padahal semua versi dan ponsel sangat mendukung. sudah chat ke cs jawaban selalu tidak memuaskan dan tidak ada bantuan sama sekali.",2
membantu,0
dokter menjawab dengan detil dan mudah dimengerti.,0
puas...dan responnya cepat,0
sangat membantu,0
aplikasi termantab,1
bagus banget di sini kita bisa konsultasi keluhan kita,1
aplikasi penipuan,1
terbaik,1
bagus,1
atas nama nurizky muhamad yasin tolong diberhentikan gua ga setuju kalau ini autodebit,1
"assalamualaikum selamat malam pak dokter, saya mau tanya nih, kenapa saya setiap berhubungan dengan suami saya,air maninya beraroma amis seperti putih telur, tolong di respon ya dok..",0
sangat responsive fast respon,0
sangat membantu terima kasih ali dokter,0
saya sama sekali tidak mengikuti program pembayaran setiap bulan sekali atm saya dipotong setiap bulan saya kecewa dengan aplikasi ini sebenarnya jangan kan bintang 1 tidak ada bintang sama sekali untuk aplikasi ini mohon dikembalikan dana saya setiap bulan karena saya kecewa dan amat sangat dirugikan,2
alhamndulillah setelah saya konsultasi dwngan dokter agak mendingan,2
"bagus, mudah dan cepat",0
apalah ini kata ny cht cepat sekali di cht nunggu 17mnt 27detik udh gw tunggu waktu ny gk jalan² gratis cmn 1 yang lain nyaa bayar padahal cuman mau nnya loh di jawab dapat pahala. gak jelas lh mksi lah buat semua nya.,2
keren,0
gercep dokternya,0
kereeen euy,1
ok,1
sangat membantu saya,0
respon dan baik,0
nice,1
sangat membantu,0
dokter menjawab pertanyaan kita dengan ramah dan tidak berbelit belit,0
dokter ny ramah dan gercep,1
mayan lahh meskipun pasti saran dari dokternya langsung di lakukan penanganan,1
pak dokter sy nikh udh 2 thn tp sush mau punya anak ap obt y pak,2
"saya sudah membayar tetapi chat saya tidak di respon sampai besok harinya baru di balas, sudah chat customer servicenya juga tidak di respon padahal saya chat di jam operasional, buang buang duit saya saja.",2
"saya sudah beberapa kali di telpon, ktnya dr alodokter.. apakah ini benar dr alodokter, atau datanya bocor.. saya merasa tidak nyaman seperti ini, saya harap hal ini tidak terjadi lagi.",2
tau dari berita alodokter kasih paket isoman yang gratis konsultasi. akhirnya donlot aplikasi alodokter sekalian sama pengantaran obatnya. makasih alodokter,2
sangat membantu,0
terima kasih,1
sangat membantu apalagi saat pandemi gk harus ke rs dulu chat dokternya atau buat janji,0
senang seklai ad aplikasi ini,1
ngga ada apa² atm kesedot aplikasi ngga jelas,2
pelayanan yang sangat baik,0
sangat membantu dalam solusi di masa pandemi ini,0
good,0
okb,1
sangat puas,1
terima kasih saran nya,0
"mantap deh konsul di apk alodokter. dokternya ramah""",0
apk yg bagus dan sangat bermanfaat untuk konsultasi masalah kesehatan,0
terimakasih aplikasi ini sangat membantu.,0
respon nya bagua,0
saya di telpon dari pihak costumer alo dokter dia bilang kalo saya sakit bisa mengklaim asuransi sebesar 2000.0000rp bener bisa apa gak dok?,2
sedikit kecewa sih.resep tidak bisa diresepkan online.tujuan download alodokter itu disaat darurat sakit.dan tidsk bisa pergi periksa ke dokter spesialis karena sakit da bisa kunjungan.dan butuh obat khusus tetapi tidak bisa dan solusi dr alodokter suruh datang ke spesialis langsung untuk dapet resep.kekmana mau dateng orang lagi sakit .lha gunanya apliaksi alodokter itu apa.,2
"aplikasi ini sangat membantu,terimakasih",0
aplikasi yg bagus banget. kita bisa konsultasi dgn dokter gratis. mohon dipertahankan aplikasi seperti ini.,0
"apk yg bagus, konsultasi dg dokter sngat mudah ",0
dokterny fast response dan dgt detill,0
"ini tidak membantu,kami yg tidak sanggup membayar otomatis tidak bisa pakai apk trsebut.tolong di ubah agar gratis untuk cht dokter tersebut,kculi kita semua sama2 ada penghasilan tidak mslh soal pembayaran,blum tentu orng lain sanggup, terimah kasih semoga ada perubahan dan semoga cpt di atasi. mohon maaf sebelumnya",2
sangat membantu,0
bagus dan sangat membantu,0
top banget,1
dengan batuan apk ini setiap gejala penyakit dapat dikonsultasikan lebih efisien.,0
mantaaap,1
dokter maaf mau nanya kalau sering cenat-cenut di telapak kaki dan sakit sakali kenapa ya? apakah itu asam urat ? mohon informasi apa yang harus dilakukan ..... terima kasih,2
baik,1
bagusss bgttt dpt gratis konsul 1 kali,2
fast respon,1
bagus sangat membantu,0
sangat membantu pasien yang jauh sangat bagus aplikasinya,0
"aplikasi aladokter sangat membantu sy untuk ambil keputusan berikut nya, trmks aladoktet",0
sangat membantu,0
sangat membantu ketika tidak ada dokter atau takut ke puskesmas,0
sangat puas dan membanty,0
ngebantu untuk pertolongan pertama  lebih tenang gak panik jika ada apa2 saat malam hari sama anak2,1
"keren, dokter tanggap dan sigap!",0
hahahaha tak kira gratis. ternyata ttp ada cuannya.,2
aplikasinya sangat membantu,0
top,1
aplikasi yg sangat membantu terimaksih alodok,0
"dimasa pandemi seperti ini, dimana kunjungan ke rumah sakit adalah hal yg mencemaskan, keberadaan alodokter sangat menolong saya utn konsultasi kesehatan saya dan keluarga. jadi jika tidak mendesak usahakan meminimalisir kegiatan ke rumah sakit. thankyou alodokter",2
sangat membantu,0
manfaat sekali utk cek awal kesehatan pribadi,2
bagussssss,1
sangat membantu sekali diri saya yang selama ini menderita gatal gatal.,0
oke lah,1
"bagaimana cara berhenti berlangganan, tidak bersedia dikontak dengan aplikasi alodokter. jadilah aplikasi yang baik, gampang daftar jg gampang berhenti.",2
oke.terima kasih.,0
sangat membantu,0
sorry gua uninstall aplikasinya gua gak suka banget autodebet dari rekening walaupun cuman 39 ribu walaupun baru penawaran lewat telpon. gak suka banget data pribadi gua malah diginiin. pdahal dulu suka bgt pake alodokter kalo lg sakit bisa chat/konsul sama dokter terus byar langsung beress selesai. tanpa harus autodebet rekening per bulan. lagian juga emang gua mau sakit setiap bulan klo kek gitu mendingan pake asuransi aja sekalian.,2
bagus sangat membantu sekali .,0
terima kasih semua para dokter sudah membantu menjawab pertanyaan saya,0
aplikasi nya sangat membantu,0
"maaf rating rendah, lebih baik tanya di internet semua jawaban tersedia, memang dokternya baik dan tanggap tp gimana ya.. bukan salah dokternya tp aplikasi berbayar ini kurang worth it... bisa jadi semua yg disarankan dokter sdh kita lakukan, kalau hanya chat saya rasa kurang pas, ujung2nya bingung mau chat apalagi karena kurang membantu, saya sarankan ke dokter langsung di kota anda masing2 lebih masuk akal... karena ujung2nya disuruh periksa ke dokter... salam sehat",2
aplikasinya sangat bagus dan respon dokternya juga bagus,0
sangat puas dengan pelayanan,0
bagus banget pelayananya,1
sangat membantu,0
aplikasi yang bagus dan responnya cepat ,0
cukup tau dgn melihat semua ulasan,1
pemeriksaannya cepat dan bisa memberikan resep utk mengatasinya jd kita tidak perlu pergi kedokter utk penyakit yg ringan,0
mantap,0
sangat membantu,0
dokter yg sangat ramah..god bless,0
respon dr nya sangat cepat dan memuaskan. sangat membantu di saat kondisi seperti ini.. terimakasih alodokter,0
"alhamdudlilah ada aflikasi alodokter,sangat membantu,respon cepat,untuk solusi kesehatan gabung sj di alodokter,recomen.",2
good,0
sangat membantu di saat urgent,0
"aplikasi apaan sih cuma bisa nakutin orang sakit aja, dokternya tamatan apa ? dia bilang sakit saya tidak. bissa sehat nyata udah sehat sekarang",2
"terbaikk dan sangat membantu masyarakat awam didunia kesehatan udahh jangan dilihat kebawah lagii,",0
mantap,0
"solusi konsultasi terbaik ditengah pandemi, terimakasih alodokter..",0
sagat baik,1
membantu sih tapi sekarang berbayar.,0
bermanfaat skaliiii,1
knapa gak bisa masuk masuk ya padahal no otp udh d masukin,1
sangat membntu,0
berguna banget aplikasinya di situasi begini,1
ramahhh,0
dokternya ramah,0
apa asam urat sama nyeri sendi penyakit yg sama apa obat yg baik,1
baru mau nyoba kalo bagus aku ksh bintang 5,1
sangat membantu,0
sangat membantu,0
top,1
ok sip,1
sangat membantu,0
ok,1
bagus sekali apk nya sangat membantu,0
sangat membantu orang yg sakit,0
sangat membantu.,0
baru pertama kali konsultasi ke dokter by online jawaban cukup lengkap dan jelas. tq.,0
makasih dok,1
bagus,1
ok,1
pertama pakai aplikasi ini sangat membantu sekali,0
terimakasih ,1
layanannya yang sangat baik,0
"dokter nya ramah, baik, balas chat juga cepat",0
sangat membantu,0
sangat membantu...,0
sangat memudahkan untuk mencari jawaban atas segala pertanyaan yang sedang menjadi keluhan kita. terima kasih aplikasi aloodokter dan dokter dokter yang berperan dalam aplikasinya. jawabannya juga sangat detail dan mudah di pahami.,0
dokternya ramah dan respon cepat,0
"aplikasi sangat buruk, telfon telfon terus sangat mengganggu. udah gitu yang telfon cengengesan jangan diinstal",2
penyampainya bagusss,0
membantu sekali,0
sebuah apk yg sangat membantu perihal pertanyaan seputar kesehatan,0
"aplikasi maling saya secara sepihak dipotong atm saya, kembalikan uang saya, saya sama keluarga uda susah jangan dibikin susah",2
dokternya baik penjelasan mendetail,0
bagus ada resep yg bisa dibeli diapotik,1
"ok banget,aq paling takut kalo harus berurusan langsung dengan dokter di rumah sakitdengan cara ini membantu",0
terimakasih buat alo dokter sudah memberikan solusi buat saya,1
"aplikasinya sangat bagus sekali bisa menambah wawasan,",0
sangat puas,1
hebad,0
cocok,1
wow,0
bagus membantu sekali,0
dok saya mau bertanya bapak saya jatuh duduk lalu tidak bisa jalan setiap malem sakitnya sampe ke kemaluannya dok,2
baik dan cepat dan ramah,0
saya kira gratis. ternyata berbayar. mending tanya langsung ke puskesmas atau rumah sakit terdekat :(,0
aplikasi keren dan sangat membantu,0
bagus dan membantu,0
saya lebih suka konsultasi ke alodok soalnya disini klo konsul gratis juga dokternya teliti banget bertanya² nya jelas jadi saya faham dan enak banget konsultasi disini konsultasi frivasi juga dokternya gak kepo langsung kasih saran dan obat yang baiknya,2
"ga online, ga offline tetap uang nomer satu",1
respon cepat dan tepat,0
"bantu repott yok,merasa di tipu berbulan-bulan gara2 sales yg minta bantuan buat menuhin targetnya,eh malah autodebit tanpa persetujuan dan penjelasan yg detail. cari duit sampe segininya bos?!",2
"bagaimana cara konsultasinya. saya jadi binggung ? katanya nyuruh bayar dulu baru buka konsultasi atau gimana ?. seharusnya kita konsultasi kesakitan kita bersama dokter tertuju terlebih dulu, barulah kita bisa lakukan transvering ke banking. kok ini malah di minta bayaran dulu di bank ?. pelayanan yg anda lakukan mepada sesama manusia di bumi ini, jika anda melayani dengan sepenuh hati anda maka berkat itu akan mengalir setiap waktu di dalam hidup anda di bumi ini dan terutama di akhirat.",2
sangat membantu dan respon cepat,0
mantap bener,0
membantu,0
aplikasinya ga di pake tp di atm terpotong trs,2
"mau tanya dsni ada kebocoran data kah,ko aneh y sy sdh lama g oke aplikasi alodoktor tiba2 tadi da tlpon dari pihak alodoktor...pas sy scroll komenan k bawah trnyta bkn sy aja yg d tlpon pihk alodoktor trnyta dah bnyk jg...tolong d perbaiki lagi sistem ny biar g da kebocoran data..dan td sy sdh komplen k customer alodoktor",2
respon cepat semoga membantu,0
terima kasih,1
membantu sekali,0
pelayanan dan respon sangat cepat dan saya sangat puas,0
respon dokter sangat cepat dan sangat membantu kami yg isoman. terima kasih dokter nurul falah dan semua dokter yg bertugas membantu kami semua. terima kasih alodokter.,0
"penjelasan dari dokter di alodokter sangat membantu sekali , thanks alodokter",0
toppppppppp pokoke.....,0
bagus sekali responnya,0
aplikasi ngga bener baru mulai cak uda mau byr 8500 aplikasi ini bukan membatu tapi merugikan sj belum dapat apa2 suda keluar uang dasar app matre mending unistal aja,2
penjelasan dokter memuaskan,1
dari lama sudah pake apk ini yg masih gratis eh skrng usah bayar . sudahlah kasian kami yg kismin ini,2
jelek,0
bintang 1 untuk aplikasi ini.. tanya kenapa? masa sih ga tau,2
lumayan,1
"suru masukan nomer ponsel ya kan untuk daftar...lah saya masukan nomer hp saya yang aktif..pas masukan ada tulisan gini ""silakan masukan nomer hp yang valid!"" kan bingung saya",2
sangat membantu,0
coba dulu,1
bagus pelayanan,1
